1	489281	520127	596475	600333	585212	585212	603196	517468	527586	607355	607355	574017	514745	490937	598892	583135	599870	550890	598212	570883	538252	581682	574017	528062	568287	517693	535309	601038	514745	570883	517468	615400	603622	524666	541673	563194	605259	560659	594815	538252	522269	515045	489281	597183	556545	555169	542993	604422	515045	599870	570883	490937	548723	556545	540157	604422	590311	597586	598892	498738	501639	528062	597586	585635	570883	601657	597183	518672	574969	499321	595860	583135	548061	548723	610395	604422	587489	488573	556545	594815	526447	615400	568287	512140	605259	598212	564214	593752	604422	591431	529159	498738	517693	514745	517611	517693	517611	538252	555169
2	699449	687961	739324	713162	707294	706049	679428	599889	702001	711142	712401	736967	685396	606879	716910	703511	718535	704261	625161	700894	681580	694346	587051	717523	729995	645828	707861	693182	670882	694737	644094	718971	712263	686824	675582	708001	708638	729711	710918	710085	695608	711263	663746	725150	683744	684625	689500	710060	652639	708888	685250	664880	669645	686386	708377	671023	697510	681129	748247	700129	687553	667316	656891	724446	699393	716044	710967	709158	733731	708263	712334	700327	677563	678310	720700	700479	710365	669358	707747	710471	651928	718966	689134	687174	716349	712746	671105	702623	713618	707801	718180	603780	668061	719922	682004	709348	689246	690236	731714
3	762612	701914	780336	760760	754252	771577	702914	708829	759297	775234	762967	785865	689389	749122	776871	766689	793988	763790	714686	773179	755083	778794	742562	769962	787629	712245	766952	708547	732504	772933	732303	765090	763389	764162	736311	763433	771210	771598	754931	763629	769950	752923	734887	778263	762112	765616	746425	770704	723070	765979	764043	759889	742067	748928	766215	768876	756657	753936	792824	754224	775211	724317	769373	773605	757088	759908	751268	721824	783886	771685	770375	765801	736516	739613	762569	764025	735761	731533	766388	772687	714663	767355	740501	752639	776030	727880	780151	763338	764079	782603	768008	744897	730250	766782	775183	757752	769713	769195	780324
4	805994	779967	810374	793291	786303	802575	755425	776856	798045	808281	787137	823442	692961	777871	809314	804219	817107	793251	771701	806521	784848	796872	765362	784417	808769	795217	801737	771017	758436	806736	803382	816528	779569	803135	773076	801456	807281	799578	766663	802139	801049	794008	793167	808642	793355	813934	790644	778455	803306	788875	804009	800335	786111	800237	800509	803348	792890	789421	834132	790316	804377	794833	803407	800572	789396	776283	785034	750295	787404	806453	798500	792091	784361	796343	818342	802225	753087	767609	799027	824569	798360	808471	777053	786114	809564	770910	815024	796176	795126	787925	808268	793181	774182	768988	804541	806349	801972	805216	809303
5	826546	813872	825260	827524	794579	826432	798741	814985	834220	827474	826668	837020	778230	784810	829435	823144	838881	812632	834672	824589	817294	800033	807607	809199	830876	822436	822262	784944	781189	824533	840261	832637	814651	825988	823540	822100	828785	829496	799429	815900	822598	817091	830108	822772	814265	834810	818778	810380	836413	817927	822729	805973	824095	812889	822211	817876	817923	813127	841010	826781	831070	821482	824292	823706	813891	805801	811944	791398	814447	826074	831834	822760	822408	820868	840036	827416	798145	810961	824237	844386	826605	822948	799245	808339	818520	787038	824753	799519	833562	816988	827890	807468	815924	803068	823981	824443	827727	831882	836455
6	849905	826252	841690	844120	834909	847593	816864	835449	842775	834422	844140	854612	806297	815098	848590	842123	848894	838874	850381	831164	844845	827198	835817	830027	849307	840624	835768	795176	808025	846312	856668	850153	833549	835992	839715	839121	838587	846993	829730	836397	833723	842951	841839	829337	830166	850803	838484	835333	853814	841921	839183	824092	839589	833849	830366	836673	839206	830509	862731	847670	844199	833186	848922	842911	830696	824764	828148	820816	838987	854764	845767	840228	840445	836990	855342	837420	816276	846839	840208	859249	841076	829866	803959	846958	830692	815988	838142	817988	846457	836896	842962	835078	836376	825191	842408	839341	845049	854168	845777
7	862248	839863	850865	851678	846944	861023	834380	855826	849965	854452	859539	864212	824129	833918	859837	856332	859529	849108	861356	846509	851860	830684	852258	848291	863727	849251	847165	797641	827712	854330	867950	858773	858145	842945	851242	852642	849593	863817	841807	850117	841851	849142	853070	843453	841430	863703	853777	848940	868557	846048	870542	843053	859988	849456	849873	843209	852367	843752	874851	860895	866670	835741	860841	854763	850591	825997	838361	842044	852996	856404	856801	849124	861242	838631	860225	849020	835037	860667	853882	871227	853058	845152	827478	857204	848448	839469	851174	839790	861089	838011	857808	851299	855856	840436	860753	845333	862784	866327	860244
8	872443	849697	861539	857678	855142	867136	841270	857669	860899	866089	867305	876699	844469	849900	871272	863126	866706	859017	868149	851425	864786	839332	863238	858656	865015	861895	855065	825610	856093	862713	877627	867864	867243	853859	864588	866858	865104	874499	854773	854614	855247	855883	862953	850712	858072	872736	868199	854214	877052	853717	875314	852918	866386	859550	857116	859016	866826	855422	881102	868976	875632	838802	871500	868491	859956	832016	854323	853728	867238	865385	868173	852285	870770	849819	869720	851956	861371	868253	877486	885524	856555	857898	843413	864826	864093	855968	857752	852608	871379	856015	861936	852745	866458	855597	870568	866325	869513	867443	871513
9	881801	864718	874063	869509	863097	880484	854363	872652	867343	878584	867931	884262	863388	867102	889340	870935	883359	860764	875103	855488	874081	853278	867609	861477	876588	875741	860253	836987	864263	868182	886575	877498	879335	862309	875846	868150	869363	882795	868505	865082	868965	867095	880858	859434	862623	880959	876782	863929	882498	862101	882872	874782	872697	869869	871822	862295	879414	867346	889887	877964	884259	849702	872641	877480	869092	848887	858314	857250	873936	877880	877059	868095	877941	861840	879620	867340	872986	872293	880279	894137	864167	868727	861931	872051	881396	866171	872683	864000	876319	867322	862477	860683	875537	864514	878753	876103	875820	877111	878994
10	890821	867158	881629	877767	869452	884141	863531	879076	869839	880049	878097	891420	872903	867649	895628	879231	887300	867832	883891	866966	880379	864424	878556	865092	883512	889556	875192	855804	877244	879348	893852	880779	889118	874024	882087	874351	874068	888678	878532	868434	880663	877486	887508	860916	876910	888796	881545	870350	883672	866451	890176	876761	881098	878093	872320	867300	887585	868013	894765	887316	890398	861279	879558	883974	870020	855605	873406	868509	879945	881135	882598	879526	884446	868234	890680	875611	879507	880220	883312	896636	873439	876402	872109	882427	888199	879448	876298	867627	878032	868544	866849	870895	882304	872001	885925	884090	885185	881993	880875
11	896545	873253	884716	895704	878681	889871	877537	880552	877123	885323	882847	894100	881703	873787	899334	888331	892845	880230	893854	877764	888380	867472	887096	867519	889982	890708	885052	864407	883578	882710	895169	881891	891283	884444	887788	879321	886998	895609	881986	875054	883136	892677	890486	865418	882973	891127	883733	878160	898259	880594	892074	884994	886603	889864	876672	883053	897705	882223	901339	890295	895889	871967	889071	890146	878754	865349	875097	879750	888941	889215	883709	881478	889804	875926	891475	879943	888498	887126	889457	901312	885898	881651	874808	890658	895912	888768	880408	875412	881122	877251	877487	879009	888889	876743	888457	891500	891080	888869	887748
12	900658	875555	890006	896989	885800	893655	885391	887134	885221	889042	889196	901707	888866	874593	905124	895221	897350	883013	901233	883150	895563	875496	892520	874312	892510	897094	886558	877218	893973	891111	899981	884020	897575	889449	894227	881395	895955	899251	883580	881661	887215	896895	894675	873871	892541	893725	891644	879808	899140	888845	896913	889186	894891	895415	895048	886735	901467	886246	906776	896224	898880	879480	894620	897115	879401	873099	884076	886338	890635	895918	892031	883671	892771	882122	893350	880812	889812	894202	894433	906686	886854	891658	884425	895145	901169	893992	882707	883509	882808	888510	885586	886750	892994	886300	891297	896806	895285	895993	893416
13	903436	876409	891731	898392	893424	900034	892994	891020	895457	891642	894410	902666	891105	880403	909027	900175	903293	888289	905687	885989	900770	878438	898883	883207	897970	904639	890004	878217	901368	894633	903308	896235	899794	900970	899224	889602	897757	902807	889695	890459	891599	901321	899658	882535	900672	896467	895709	886079	903814	894958	901376	899803	898386	900670	901126	891365	907042	888827	908336	899341	903214	886528	896035	899249	880948	874005	891139	892179	892842	896394	899753	886665	897308	886339	895333	886620	895815	897506	899769	908162	888745	892262	888678	903945	904885	896485	884887	884956	893108	889730	893628	887425	896502	891749	893586	901303	897212	900937	898065
14	907061	878166	898032	900918	894702	900415	894220	893126	898938	899386	900394	906654	895871	890303	910034	901424	909932	890236	907216	892303	904968	881300	903733	883879	904010	909537	891927	886338	904203	899897	905518	900444	900631	903585	904156	900401	898126	906580	896553	901266	896896	902498	905598	885729	903443	898143	899617	887680	911654	897275	903465	906046	901178	905504	905415	899543	911171	890193	912134	902062	909083	893983	898820	900750	892488	875374	893871	896918	895390	902891	902473	891840	900793	887500	899236	903272	900016	903480	904303	912395	893592	900075	895894	909061	911016	900061	888050	886708	901123	897278	898760	888989	898584	896366	897926	905096	900147	907147	901853
15	910744	883135	898626	901919	898756	901642	897245	897671	899663	906369	902861	909228	899887	893388	914639	904538	913217	903534	908207	898135	909784	889901	907897	885406	908771	912444	894146	890254	907372	902876	905766	905368	901162	905081	909018	903697	901715	915862	902746	905660	903158	907468	908239	891864	905906	904597	905977	888572	915211	898614	906958	906990	907159	907599	907544	905958	913401	894058	915728	905768	916602	897765	900396	905875	897761	877556	896058	904565	907079	906551	907028	892929	909727	888454	907816	904623	903293	904551	908623	912679	899141	906120	896658	913349	915096	904155	889550	892851	902461	903347	901677	891259	901922	901193	899572	906560	905206	907611	907253
16	914670	884040	905999	907653	903640	907235	901080	899759	908229	907425	908548	913403	903154	898907	916402	908018	917001	906686	913475	904464	913029	896443	911361	892541	912513	914722	898716	895698	910535	908133	906212	909412	902736	909901	910140	905870	908219	919373	904338	906047	905327	912325	908952	898573	907532	905166	909502	894880	919328	902697	911102	908577	907961	913335	908666	907106	917784	898846	918573	912946	919388	904832	904464	909875	902251	888665	896994	907776	910909	910226	912364	898323	913771	892519	909734	909539	906374	908145	910565	915783	900154	908745	897527	918854	916426	905694	894245	893876	904651	906300	904802	896912	907186	906508	900303	909147	906099	914608	910091
17	915666	884813	909984	913136	904686	910977	902296	905225	912690	909660	910213	914799	904333	899608	921914	909348	917963	910296	914404	907959	916999	900950	912460	897678	916705	916069	899963	900840	912426	909777	911643	914745	904264	911336	914271	909436	912233	922008	907716	907284	905905	918136	913932	899472	908404	912492	910512	896415	921615	910979	914597	911879	909167	916234	909277	910710	920524	902162	920110	914789	921342	908616	908569	911359	910753	889308	901540	909626	915293	914414	916413	904992	918891	904132	912082	912312	907092	909082	911515	919518	904595	911117	905525	921227	920505	907213	898844	895581	909109	911923	905318	900593	916159	909579	903894	909935	910879	917841	910433
18	916429	891162	912668	916309	907649	911192	904026	906385	915224	912372	912788	915986	906921	903750	924399	910675	918931	913706	915371	916151	919268	901210	912926	899591	919456	921393	900401	907209	914242	912713	914997	915253	904599	913360	915501	912849	915718	924252	913188	911527	908547	922547	918304	902693	909394	916553	911811	898503	924145	912734	916522	914637	909953	917034	913351	911597	921207	903423	923587	918140	923980	912002	910338	913574	915453	899744	907729	912855	915909	917815	918446	908558	922936	904493	913800	917034	908479	909823	917108	922722	908391	913693	908677	921653	923557	910259	903213	896725	918211	915798	908313	901384	917169	912831	905506	913418	912358	920912	914028
19	916781	897695	915002	917423	908980	913629	904398	912284	915671	913690	916865	919225	910421	904942	925387	912704	920499	915394	918987	916927	921898	909269	916365	900286	923074	922546	901187	914993	916382	913424	917112	918856	908850	916897	918071	915689	917348	927932	914957	912966	910008	926119	921211	906859	911860	918174	915160	901469	927269	913174	919974	918203	914155	917763	914392	916383	923182	911733	926956	918827	924754	917510	913147	914149	915968	900203	909574	915592	919167	919013	922424	909598	923967	904996	914997	920135	912990	911111	917756	924009	910673	915103	913786	923265	926701	910666	907657	903103	921624	916858	909016	905645	918967	914612	909561	916121	914493	923286	916852
20	918231	905959	917774	920717	914307	914505	905085	912688	921898	914958	918069	919736	912051	908710	926177	913523	922648	917405	919395	921028	924352	910620	919555	905879	925437	923989	901783	918863	917675	915257	918292	921782	911269	920555	920112	917963	919075	929196	917665	914355	912044	929381	921639	907753	913229	919328	919068	903361	928037	917712	922126	921281	916508	918330	918549	917627	923971	912441	927912	919442	926873	920645	919529	918105	917659	903553	913811	915923	920668	919547	924933	913718	924308	910031	918570	923448	916484	912132	918993	924503	917911	916460	915107	924004	928218	916564	910880	908566	923048	918163	912028	906729	923922	920026	913113	918067	916203	926103	920301
21	919206	911052	918361	922072	916379	920481	905873	913277	922892	918653	919929	922120	917795	912711	926815	916043	924731	918598	922219	926589	929462	912033	922616	908854	931346	925211	905709	920161	918239	918699	921576	924572	915978	923120	920999	920465	921690	930524	918449	921064	912510	931284	924743	908599	914878	922945	919777	911580	929072	919897	923202	921645	917176	919730	918764	918142	926503	917011	929158	920771	928153	921778	920138	920071	920789	909262	915221	919258	922149	921064	925671	915017	926193	910951	918929	925916	917512	914918	922915	925762	918479	917927	917455	926031	928887	918012	915271	915401	923752	919010	915081	910132	925458	920472	915421	918948	922315	927460	921673
22	924910	915844	921533	924783	916958	922772	909055	913552	923661	918891	921022	922434	918384	913494	927213	917908	926306	920877	925534	928629	929896	912253	923705	910022	932445	926308	911695	922826	919091	920182	926492	927357	917491	925529	921716	921286	925315	932422	921170	922628	913778	931971	927059	912636	915469	925572	923042	914797	930378	920568	923628	922598	917782	922082	921521	920980	927973	918366	932093	921977	929283	923012	922741	921113	921697	912491	915648	921296	924795	923505	926417	917661	929158	914651	919393	926439	917767	916766	923275	927978	918677	919665	921099	927256	930009	923962	919695	916177	924698	921353	915523	912491	925786	923625	919148	921205	923093	930048	924290
23	925721	917611	921790	925056	920347	924329	914921	914729	928991	922051	921584	924564	921211	922312	928332	918814	927679	922676	927645	929447	934719	912927	925618	913873	934329	927988	921035	925537	920018	922397	927739	927742	920292	928310	927403	923981	929011	932743	923841	926488	917767	934364	927431	914910	918537	926366	926604	915660	930620	921267	924362	923959	919483	924900	922250	924015	932897	923148	932504	923577	931016	923965	925213	923129	923531	914270	920041	921975	927150	924302	927841	918290	930029	915290	922192	927594	920608	921793	926444	928677	919440	920796	924227	929546	930569	929453	921173	919058	927847	921884	920205	917088	926453	924469	921388	922858	925419	931900	926442
24	926399	921515	925599	927642	924589	925217	919875	916585	929753	925260	923098	925492	926647	923000	929548	919368	929412	924353	929565	930877	936083	916835	928975	915459	935442	929452	922290	927260	922031	923179	928058	928410	923442	929184	929870	925003	929994	933298	924908	929921	920803	935538	928282	918072	922244	928388	927333	916243	932346	922117	927569	925672	921489	928218	924984	924906	933537	926466	933558	925681	932325	925370	927611	925323	923914	918861	922534	923151	928247	927510	930148	920746	933586	919394	925242	928208	923972	924711	927729	931285	922494	925963	924787	929932	931126	929864	922628	919469	929212	924631	920870	920937	927078	925337	924106	924487	925941	934480	926909
25	927584	922061	929393	927965	927263	927812	922349	917186	930171	925889	925957	925948	927440	925976	931267	923034	932582	924992	930083	932752	936668	919400	930251	916249	936886	932273	922765	928651	922833	925682	929664	930392	926104	930749	930880	925424	930650	935788	925346	930657	921043	936065	930208	920302	923851	931256	928454	918289	933634	924745	928311	928430	924378	928993	925995	925215	935555	927224	936210	926672	935647	928810	928336	926525	925401	922731	923376	925370	929564	928955	933397	922647	934003	919867	927194	929164	924370	925857	931957	932838	924937	927649	927557	932284	932359	930881	925787	922423	932962	927237	923014	922291	927455	928471	924329	926682	930255	935400	927884
26	929617	922360	930072	928602	928974	930246	926279	918352	930643	926343	929559	928324	928516	927411	931981	926881	933846	926139	930607	933387	937117	921858	932463	917038	937673	934250	927688	928967	923390	926507	930472	932182	929007	932451	932303	925691	933320	936163	928256	932665	925143	936692	930488	921581	926814	932504	930859	922811	934132	927287	930503	931870	926085	931296	928305	925880	937311	928098	938077	927584	937169	929269	930096	927521	926391	923098	925602	925823	931877	932867	938037	923352	934532	923769	929426	929904	925002	928752	933253	934689	927847	927962	929415	932711	935774	931803	926674	923228	935006	928112	927430	922927	930020	930242	925113	927714	932523	935656	929936
27	930044	926130	931697	929722	929144	932476	928343	920935	932732	927400	931516	930284	928679	931015	934026	930109	935792	928153	931550	934812	938709	922968	934582	922855	938080	937348	930222	932756	923764	928497	933479	934659	929983	935883	934323	928096	935077	938909	928737	932855	925592	937463	934741	923980	928690	932994	932836	923381	936208	930091	932203	932807	928017	932226	929405	927040	938083	930253	938993	930257	937607	931020	931175	928023	927637	924681	927328	929219	932614	933483	938279	928211	936056	926318	931994	932742	927810	929512	936227	935909	932555	928454	930094	934398	936540	934146	929500	923813	937318	932171	927906	923603	933164	934183	927006	928605	932793	937604	931598
28	930362	928662	932456	931622	931667	934821	931193	921228	933990	927952	931982	931433	929605	931259	937175	933578	939697	928501	933168	935790	939470	924851	937005	926945	938840	938528	933718	935208	926180	928921	934103	935516	930973	937166	937672	931453	936814	939867	929626	934625	926463	939310	936229	926320	932323	936977	934184	923960	936534	930660	934963	934934	930211	933759	929650	927534	940287	933323	939789	930785	938306	933081	933115	928574	931296	926066	929191	930218	936201	936010	940160	931011	936785	927706	934169	934392	928196	935134	937041	938156	934951	930078	931851	934552	936838	934945	929810	930538	940378	933106	929813	924218	933464	935990	929202	931065	939032	937944	934217
29	930837	931187	933761	932891	932390	937504	935208	924546	938064	930151	932622	932243	930413	931557	938434	935864	940983	929510	935264	938316	939811	926834	937683	929199	940463	939672	936609	937737	927524	931060	934878	937767	934647	938446	941092	933706	938811	940558	933311	936931	927949	941331	936428	927155	932706	937969	935190	926222	938657	932003	935182	935419	933026	936634	931471	928317	942835	936336	942582	931490	938646	934056	933941	930283	933722	928291	930287	930802	937076	936788	940824	932664	938106	927965	936504	935749	930493	935642	938182	939054	936747	930690	933822	935456	938906	936539	933141	933547	941043	933678	930064	927148	935913	938165	931060	931903	941191	939273	934449
30	933659	933530	938442	933095	933433	940260	937145	925028	940106	931470	933034	933041	930690	932988	941594	936181	941962	931730	936137	941445	942157	927951	938670	929802	941439	940366	936974	938024	928524	933588	937088	941792	935187	943034	941624	934433	938989	941336	934361	938114	930277	942395	937494	927605	933841	940262	937398	929498	940733	933579	937085	937013	933605	937015	932174	928908	944394	938425	943900	935054	939510	934318	936281	931108	934511	930597	932189	932525	940345	936938	942447	933445	941002	928139	938425	936059	930966	937639	939625	939540	937460	931525	934186	936111	939201	937679	933917	934218	941381	935441	932408	927742	937249	938872	931363	932688	942014	940096	935369
31	934831	939404	941704	933814	935819	941820	939395	925981	940953	933678	939135	934372	930930	935504	942198	936914	944191	932591	938519	942007	942854	929173	939709	931599	942792	941409	940235	942981	932234	933942	939065	943126	935430	943690	942781	935731	939156	942023	934997	939665	932371	942608	937737	928916	935216	942479	938231	931826	941358	933822	938286	937359	934413	938848	932530	931262	945157	938687	944301	937442	940288	937217	936609	931716	935958	931163	932626	934430	940899	938378	942543	935156	941678	930811	939882	936595	934908	937979	940362	939809	938341	934823	935692	937437	941066	938403	938014	934825	943100	937975	932737	928241	937593	940484	931567	933291	942483	940937	937147
32	937891	940115	941959	936421	936249	942431	942393	927020	942668	935226	939800	935367	931278	935878	942798	938630	944380	932910	940399	942370	943404	930688	940501	936474	944296	941947	940871	945668	932522	936189	939316	943790	939085	945239	944892	936064	941275	942485	937165	940005	932798	943940	938452	929702	937449	943855	938664	932703	941922	936279	939174	939059	934660	939284	934472	932617	945541	941756	944709	939115	941935	938550	937049	932557	936226	933160	935082	937706	943748	939151	944719	936487	942508	931838	941846	936866	936597	939388	941283	941689	939654	937676	937738	939140	943046	938839	940965	936978	945440	940096	933587	934338	938664	942044	932210	939519	944942	943431	938448
33	938592	941465	942756	937368	938175	943064	942830	929886	943003	936416	940377	937422	933234	938041	943963	938836	945081	935134	940992	944367	943701	931244	940767	938982	944491	943704	941502	946273	934766	936923	939922	944240	940097	946704	945547	936461	943061	944822	939070	940201	933723	944240	938600	932150	939048	944120	940373	935034	944400	937319	939504	940047	937369	939551	935204	932829	946050	942389	945190	940033	942970	938883	937583	932690	936576	935932	936297	939483	945877	939865	945980	938274	943073	932840	942882	937424	937051	941170	941588	944919	941190	939332	938286	939527	943927	940168	942291	938549	946708	940244	935899	936336	940585	942952	934231	941066	945278	944308	940193
34	939190	941821	943420	937605	938774	945209	943048	935766	944407	936596	941461	937752	934316	938466	944876	940541	946139	937102	942038	945371	943888	934471	941697	941820	946191	943789	942181	946531	937422	937157	940976	944652	941705	947245	946267	936974	944540	946130	939875	941307	934433	945314	942955	935725	939444	945052	940571	938051	944673	938200	939704	940356	938924	941096	935526	936063	948912	943998	946760	941412	943028	939087	939471	933421	942487	937662	936804	940819	947738	941161	946781	939609	944955	935824	943355	938102	938641	943450	941794	945627	943700	940334	938723	941507	945675	943180	944473	939744	947934	940730	937835	938412	940941	943762	936517	943150	946126	947051	942514
35	940990	942244	947187	940245	940453	946791	944396	936408	945052	937963	941631	939219	936254	938901	945157	941487	947716	937345	944254	945636	944917	935922	942163	943777	946582	946118	943355	946924	937942	939005	941230	945365	942323	948587	947445	938236	946619	946590	940276	942039	936223	945979	943369	938941	940161	946743	944587	938181	946532	942403	940792	940707	939287	942422	936307	937913	951119	944464	947042	941503	944082	943840	942111	938772	943272	938051	940000	941215	947898	942300	947232	940035	946353	938218	943713	939886	940747	944337	942240	947059	944862	942421	940767	942044	946766	943821	946984	941440	948278	942450	938600	940186	941151	944483	938191	943451	947754	948557	944519
36	942744	942655	947899	941032	940676	947208	945894	937941	946669	938681	942004	939447	938335	940755	945369	941860	948040	937717	944985	946359	945473	937503	942599	944641	947490	946497	944236	947008	939773	942982	941921	946311	945477	948975	948910	941149	947682	946934	940744	942427	938103	947514	946037	942588	941442	947257	944811	939550	947849	942987	941041	941371	941855	944151	937701	938161	951581	945962	948213	944087	945621	945290	942355	940151	944649	938833	940818	942215	949440	942636	947424	941581	947328	941161	944236	940123	941951	946291	943067	947844	946917	942706	942212	942976	947323	944085	947476	941797	948507	942800	939152	940648	942387	944966	940686	944407	948027	949087	947303
37	943822	943128	948490	941773	942274	947669	946421	938141	947203	940393	943357	945094	939710	943383	946411	942629	948272	938732	949177	949651	946225	938532	942811	945224	948427	947081	946932	948601	940650	944726	942216	947581	947693	950701	949821	943394	948774	948318	941139	943555	944562	947681	948113	943880	942567	947558	946052	940092	949280	943579	941232	941981	942419	944580	939920	939147	951858	946604	949756	944464	945992	945527	943048	941127	946210	942614	942845	943205	950397	943062	947576	943211	947719	942089	945193	941630	943324	947856	943400	948458	948346	943058	942540	944016	949086	945733	948772	943852	948945	945956	939525	941140	942640	947261	940972	946509	949000	949901	947459
38	944220	946946	950092	942511	942641	948591	947785	938883	948819	940831	944538	946585	941237	943958	946590	943241	950051	940213	949590	950154	948928	938878	945894	946470	949535	947253	947143	950407	941572	945292	944365	949825	947955	951160	950391	945371	949386	948719	943457	946784	945577	949164	948583	944269	943482	948025	947987	942358	951376	943953	942561	944484	943609	945342	940218	940364	952098	948321	950068	944615	947660	946166	945932	945078	947913	943312	944426	946515	951671	943562	948007	948626	948568	942357	947934	944371	944270	948458	944915	949632	949960	944244	942796	945410	949947	946872	949433	945199	949559	946505	943107	941791	943355	947788	945067	946881	949832	950212	948556
39	944726	947271	952140	944111	942852	951073	948515	940158	949238	941867	944801	948660	941656	944893	946913	944051	951450	941839	950757	951608	949686	939597	946448	948301	950704	947430	947557	950682	942154	948224	944588	951478	948640	952217	950728	947576	949869	948941	945262	947063	947607	949578	949124	946521	943711	949954	948370	943464	952379	947220	943737	945784	943812	946774	941582	942994	952316	948742	950583	945877	949049	946604	946382	945312	948453	944534	949914	947295	951862	945466	948671	948758	949594	943246	948733	944846	945291	948996	946094	949843	951019	944824	943609	947151	951459	947157	949672	947020	950720	947106	944409	942525	943547	948394	945536	948658	950507	950953	948851
40	946772	948695	952515	944946	944194	952075	949420	940757	949361	942896	945328	949303	942282	947901	948007	944413	951544	942270	951656	952188	950925	940731	948194	948603	951438	949004	947789	952067	943739	949475	944795	952624	949775	952427	950882	948361	951065	949094	945740	947343	948316	949952	950632	947895	945056	950376	948530	943618	953218	947546	944250	947489	945093	948077	943390	945732	953367	949390	950801	947769	949866	946668	951321	947288	948720	944858	950260	948689	952199	945559	948868	949119	950114	944370	949915	947293	946046	949492	947057	950798	952950	945486	943803	947478	953817	947668	951705	947218	952017	947684	944693	944019	944484	949019	945870	949927	952012	951219	948978
41	948049	950430	952987	946322	944932	953161	949926	940989	950738	943821	946275	950703	942837	949026	948503	945160	951992	944138	952026	952894	951364	941127	948699	949686	951890	950029	947987	952790	944048	949967	947320	952934	950547	953194	951249	948945	951804	949793	946564	948319	950304	950754	950911	949662	945478	952050	949461	944845	953809	949643	944889	947820	946498	948369	943865	945860	953725	949591	951659	948164	951349	947603	952643	947524	949154	946123	951741	948894	953134	946790	949258	949879	950347	949486	950467	947523	947190	951040	947774	951053	953383	945917	944093	948680	955127	948078	951979	948057	953233	949318	946673	944455	945448	949517	948031	950218	952620	953155	949230
42	948663	950935	954038	947592	945186	953497	950185	941932	951465	946648	947671	951009	944007	949641	950549	946600	952890	944567	952305	953134	952012	941884	949361	950684	952206	950488	948517	953360	944876	951081	948198	953538	951323	955031	954605	949407	952486	950539	946978	948666	951378	951125	952488	950910	950187	953297	949873	945946	955150	951343	945198	948347	949070	948598	944469	946425	954270	949923	953374	948980	951880	949275	953027	947673	950202	947547	953022	949234	954056	947402	949625	950203	951483	950476	950837	948238	948907	951353	948826	952132	954259	946095	944902	949993	955749	948409	952224	948990	953841	949610	946896	944632	945813	949823	949674	952283	952825	954149	949579
43	950236	951692	955295	947863	945618	953761	950571	942629	951920	946999	947887	951783	946628	950659	951149	947929	953591	944784	952485	953305	953492	943156	950174	952055	952409	951484	951310	954119	945341	951718	948589	954411	951511	955360	954851	949931	953013	951365	947163	950134	953561	951825	953845	952186	951447	953947	950702	946329	955396	951788	945571	949293	949909	948695	946173	947162	955034	950717	953716	949141	952269	950553	953171	947751	953370	947933	953559	949530	954823	947882	950179	952008	951694	952063	951739	948615	949597	951596	949435	952924	955230	947832	945795	950397	956048	948673	952898	950567	955267	949947	947483	944833	948411	949982	950083	953594	953645	954463	950673
44	950383	952558	955561	949434	946419	956663	951873	943055	952512	947245	948978	951929	947532	951278	951470	948125	956267	945213	953632	954249	953754	945039	951496	952831	952544	952322	951648	955040	947445	951869	950506	955540	952326	955612	955064	950094	953776	951872	947455	950309	954771	952789	954332	952756	952638	954338	952133	946731	955940	952508	946522	950281	951788	949816	947801	947585	955230	952009	954927	950501	952672	950967	954752	950044	953908	948119	954520	950801	955747	948341	950696	952215	952045	953838	952784	948853	949821	951942	951239	954750	955723	950175	946216	951695	956401	948875	954531	951982	956397	951308	948073	945940	952618	950996	950430	954817	953926	956179	951718
45	951177	952725	956220	949540	946882	956981	953063	945671	952532	949478	949153	952450	947788	951658	952317	948527	958145	947596	954608	955258	954875	945495	952986	953639	954010	952686	952152	956087	947691	952886	950685	955762	952869	956531	955171	950969	954156	953166	947966	950670	955074	952984	955182	953885	953632	954781	952882	949482	956940	954614	948501	951600	954729	951190	948175	948574	956745	952509	955218	952530	953112	952982	955615	950753	955790	948281	954864	951684	956953	949492	950939	952267	953167	954542	954801	949080	952455	952329	951897	955157	956400	950971	947933	952690	956844	951225	955377	953028	956728	951419	948798	946200	953835	952287	952570	955036	954000	957488	952965
46	951625	953024	956555	949846	947802	957291	955019	947217	952729	950473	951268	953663	949801	954430	953881	949818	958366	948718	955152	955824	955177	945802	953195	954081	954344	952963	952521	957694	949469	953348	951766	956864	954194	957020	955331	951046	954972	954785	948219	951035	956082	954531	955602	954908	954629	955013	953888	950636	957155	954978	948834	952038	955057	951328	948589	949523	956908	952967	955744	952734	953849	955105	957577	951428	956937	951219	955139	952290	957958	950394	951706	952423	954185	954704	956033	950356	953923	955958	952368	955535	956463	951343	948489	954124	957235	952787	955602	953452	956983	951736	949018	946680	954215	952635	952818	955119	954304	957678	953417
47	951859	955057	956753	950748	948014	958829	955167	948517	953098	951781	952715	954166	950797	954840	954045	950005	958665	949405	955611	956319	956227	948409	953603	954523	954956	954064	953816	958713	950242	953578	956178	957089	954402	959467	956186	952511	955916	956793	949004	952062	956707	955021	956188	955557	955383	955742	954173	954241	957924	956048	949149	952513	955839	952119	949572	951092	957103	953122	956958	953102	954123	955951	958003	951557	957112	951369	956248	953678	958307	951113	953475	953826	954850	955546	957725	950607	954528	956937	953612	956225	957055	953916	949214	954591	957423	955659	957063	954685	957805	952572	949912	948451	955116	952828	953826	955450	955618	958293	954626
48	952842	955756	958290	952784	948876	959355	956014	948723	953289	952073	953719	955838	953244	955144	954227	951472	959096	950378	955957	956714	956550	948998	954584	955415	955318	954415	954308	959806	951721	954559	956795	957792	954978	959649	956498	952631	956150	957473	949194	953354	957281	957183	956851	957677	956472	956951	954953	954488	959017	956337	951031	952588	955992	953325	950502	952904	957354	953296	959030	954092	954630	956286	958390	951958	958039	953669	956474	955176	959746	952504	954674	954167	956044	955876	959534	950922	954990	958099	953888	956620	958694	954700	950706	955200	957759	957524	957255	955124	957940	952723	950309	949640	956748	954294	954720	957130	956805	959681	954963
49	954021	956027	958333	953083	948960	960469	956744	949058	954337	952243	955396	956570	953863	956207	954367	952603	959181	950950	956262	957508	957499	949671	956269	956204	955583	954502	954662	960294	952797	954808	958041	958631	955398	960583	956930	953803	956648	958245	949665	954349	957752	957619	957019	959456	956787	957396	957412	955338	959550	956535	954068	952884	956281	954242	950770	954356	957778	954453	959423	955213	955035	956458	958615	952249	958431	954010	957828	956019	960681	953956	954823	955584	956237	956065	960939	951512	957585	959070	954208	957553	960323	955457	951594	955677	958499	957906	959217	955416	959125	953777	951035	951078	957223	954403	955636	957370	957471	960314	956224
50	955453	956799	958725	953491	949480	961916	957302	949544	955150	952675	956537	956725	954330	956716	955652	953551	959321	952698	957174	957960	959105	949962	957629	957754	955732	954717	954986	960654	953129	955300	958674	959004	955720	960913	958672	955204	956887	959101	950558	954600	957963	958655	957368	961143	957850	959149	958217	956346	959950	956688	954359	955968	956401	954455	951641	955762	958172	954735	959991	956194	956539	957003	958870	953816	958531	954179	958455	958122	961327	954135	955418	957027	957517	957262	961174	953879	958641	960276	955416	958069	960475	956639	952409	956366	958670	959151	959332	955616	959325	954209	951936	951295	957426	954608	956436	958446	958065	961349	957095
51	956330	956968	958980	955845	949799	962070	957488	949769	955235	952875	958994	957727	954450	957138	957185	953683	959454	953113	957521	958820	960051	950737	959184	958415	956099	955636	955880	961016	953444	956542	959103	959231	956289	962191	959018	955700	958159	959204	951186	955560	958286	959482	957534	961904	958398	960050	959719	957279	960407	957050	954831	956908	957021	954811	952886	956121	958368	956527	961224	957701	957628	957879	959322	954307	960219	955562	958666	958382	961496	955271	956188	957207	958331	958102	962309	954077	961910	960651	955874	958811	960742	957374	953627	956548	958851	960151	959538	956112	960179	955617	952246	951755	958742	955086	957807	958470	958763	961872	957407
52	956783	957266	959216	956219	949954	962432	959366	950034	955411	953851	959304	958011	955719	957640	958105	954570	959836	957867	957879	959226	961597	952643	960442	959555	956247	956217	957058	961567	953943	957002	959907	959647	956800	962676	959762	956717	958793	960436	953662	956871	958733	960638	958473	962387	958989	960185	960655	957484	960881	958359	954992	957157	957592	955037	953039	956252	959091	958051	962085	957863	957684	959497	960226	954342	960438	956906	959007	958577	962581	955420	956356	958872	958582	958362	963291	954313	962643	961052	956624	959209	961075	957685	954172	957770	959088	960311	959700	957073	960319	955792	953443	952249	959076	955673	958816	958616	959448	962017	958485
53	957113	958482	960398	957038	950658	962605	959578	953107	956757	954009	959482	958683	957063	958199	958392	956952	960336	958888	957992	960006	961800	952774	960715	959763	956486	956450	958644	961779	954424	957251	960291	961257	957155	963111	960848	957902	959022	960657	954515	958059	960802	960767	958809	963019	959780	961071	960807	958225	961497	958953	955223	958338	959126	958285	954256	956476	960869	960114	962611	958899	959847	960489	960902	954554	960768	957558	959798	960462	963810	955982	956704	959632	959198	958939	963749	955349	963120	962201	957013	960125	961826	957843	955212	958996	959434	960918	960389	957289	961473	956016	953639	952399	959357	956490	959152	958963	959599	962475	958624
54	957265	958641	960946	958189	952009	963319	959768	954002	957926	955088	960374	958881	958705	958485	959147	957096	961479	959046	958273	960222	962312	953560	961090	960083	956555	957494	959392	961873	956478	957971	961139	963285	958364	963841	961858	958352	961403	960768	955215	958395	961685	961121	959074	963517	960491	961229	961431	958377	961657	959335	955535	958732	959542	959272	954326	956970	961383	960709	962945	959145	960779	960571	961988	954634	960961	959064	960506	960836	964141	956112	957293	960602	959941	959269	964083	956224	964215	962350	957719	960456	962168	957987	955425	959820	960666	961051	960841	957424	961672	956920	954438	953253	960187	957324	959410	959539	959695	963039	958921
55	958631	959541	961138	958482	954379	964117	960116	955777	959229	955236	960752	959757	959399	958739	959316	957559	961659	959490	958477	960438	962610	955130	961256	960737	956734	957671	960084	962063	956679	958323	961328	964113	958797	965324	962215	959520	962655	961377	955502	959257	962036	962604	960114	963651	962064	961387	961637	959992	963374	959537	956425	958884	959952	959503	954863	958144	961708	960900	963509	960032	960945	961951	962951	954810	961522	959513	961306	961079	964554	957677	958465	961192	961217	959560	964298	957186	964618	962593	957982	960487	963100	959076	956183	960105	961117	961162	961034	958090	961822	957258	955372	954036	961704	957513	961133	960178	960223	963921	959323
56	960248	959751	962278	959899	956687	964425	960442	956317	959454	956239	960938	960257	960444	958941	959691	958600	961838	960454	958654	961483	963136	956020	962093	961535	958969	957720	960317	962155	957769	959265	961523	964181	959132	966115	962632	959873	962947	961718	955685	960968	963859	962921	961276	963843	963245	961571	961887	961436	964020	961379	957397	959863	960598	960461	955812	958579	961914	961010	963678	961529	961821	962266	963481	956123	961653	959862	961539	961475	965260	957879	959630	962448	962016	959870	964501	957936	965273	963336	958719	961576	963451	959116	956881	960346	961976	962096	962195	959905	961988	958544	955559	954283	962006	957770	961927	961219	960496	964485	960324
57	960550	960223	962440	960617	956849	965308	960513	957395	959777	957260	961371	960540	960808	959546	959855	958994	961980	960590	958979	961639	963475	956908	962301	962455	959274	957778	960912	963428	958727	959521	962108	964502	960805	966558	963817	960733	963013	961869	956167	962617	964939	963529	961919	965216	963571	962768	962998	961832	964164	961665	957514	960438	963234	961351	956211	959728	963087	961198	963771	962004	962541	962580	964561	956401	962611	961154	961795	962179	965480	958924	959790	962840	962102	961120	964546	958633	966178	963940	960078	963037	964172	960018	957416	960761	962456	963398	962985	960029	962203	961018	955644	954515	962814	958958	962153	962354	960637	964867	960585
58	961846	961107	962643	961166	957899	966216	960689	958541	960250	959657	962560	962588	961811	959912	960204	959193	963390	961532	959651	961999	963941	958310	963808	962699	961131	959053	961653	963765	958898	960157	962469	965107	962357	966687	964696	961741	964041	962315	957138	963483	965158	963960	962217	965396	964184	963064	963604	962135	965106	961915	958170	962608	963811	963492	956671	959914	963694	961858	964943	962367	962873	962988	965112	956698	963806	961962	961980	962381	966261	959153	959944	963122	962216	961365	964721	959734	966400	964094	960561	963776	964630	962665	959009	961353	962838	963472	963660	960407	962387	961872	956021	954679	963023	959948	962505	964287	961518	965278	960942
59	962040	962588	963644	962032	958270	966287	961837	958854	960600	963707	963363	962782	962359	959986	961312	959447	963535	961739	961807	963220	965097	959029	963995	962957	962216	959232	962325	964291	959496	961100	963401	965468	963522	967722	964858	962598	964241	963056	957260	963590	965947	964695	962733	965686	964723	963381	964589	962734	966028	963730	959356	962895	964056	963801	957489	960401	964255	962029	966473	962700	963733	963790	965566	957514	964008	962085	962889	962648	967736	959278	961047	963641	962313	961981	965279	959925	967068	964242	961555	963946	964942	963029	959312	962268	962993	963719	963874	960557	964811	962453	956458	956409	963328	960586	963260	964432	961711	966088	961110
60	963684	962952	963843	962449	958305	966762	962071	959600	960911	964732	963844	963280	962798	960173	962605	959599	964225	962159	963395	963551	965611	960075	964284	963134	962328	959589	962816	965764	959588	961919	963983	966805	964104	968119	965853	962718	964259	963859	957394	963653	966560	964848	963087	966259	965066	963700	964733	962881	966517	964066	960408	963192	964171	963998	957595	960735	964539	962838	967450	963901	963861	965357	966136	958537	964779	962366	964500	962842	968103	960151	961624	964666	962582	962400	965812	960248	968418	964441	961767	964266	965130	963668	959669	962618	963109	964376	964252	960843	966382	963473	956631	957365	964217	961000	963452	965334	962570	966579	962034
61	964378	963147	965250	963143	958517	966912	963773	960694	961051	965110	964759	963881	963025	960930	963245	959732	964552	962605	963482	963712	965726	960312	964525	964915	962486	960003	963107	966958	960792	962524	964238	966921	964401	969531	966469	963082	964600	963998	957869	964061	967397	965162	963315	966648	965917	964028	965752	962968	966998	964434	961066	963764	965338	965650	957739	960816	964759	964456	967749	964021	964076	966294	967596	958964	965142	962793	965635	963609	968299	960554	962401	964828	962963	963124	965856	961382	968589	966070	962227	964398	965965	964076	960664	963781	965359	965201	965093	961071	966574	963690	959444	957763	964912	961653	963595	965476	963818	966909	962146
62	964760	963905	965611	963385	960905	967151	964821	960941	962239	965302	965249	964082	963262	961337	964276	959979	964744	962738	963619	964531	966106	960972	964990	967064	962821	960613	964184	967444	963039	962749	965000	967533	964524	969840	966758	963267	964940	964208	958386	964185	967750	965311	963371	968137	966842	965698	966726	963166	967199	965347	961607	964163	965821	965772	958433	961430	964949	965075	968629	964189	964979	967375	967924	960142	965568	964435	966374	963804	968439	962546	962546	965203	963087	964842	966313	961485	968727	966354	962529	965463	965983	965079	960878	963984	966368	965965	965221	962327	967090	964257	960468	958079	965474	963264	965073	966227	964894	967219	966042
63	965520	964585	965798	963525	961688	967568	965053	962513	962459	966025	965327	964969	963516	961990	965407	960605	965027	963698	963857	964815	966890	961222	965187	967974	963679	961155	965166	967635	963172	963234	965275	967719	966214	970165	967044	964247	965226	965683	958693	964433	968103	965453	963818	968706	967412	966097	966860	964003	967466	965416	961825	965156	967222	966967	958637	964509	964984	965163	969186	965396	965625	967544	968249	960556	965961	964452	968182	964074	968713	964032	962712	965981	964438	965818	966627	962483	969698	966606	962916	965579	966173	966498	961040	964763	967475	966933	965343	962652	967688	966619	960618	958338	965793	963332	965170	966381	966705	968100	966441
64	965645	965014	965974	963904	961849	969117	965461	962637	963618	966857	965497	966511	963759	962587	965552	962133	967236	964015	964830	964893	967433	961423	967336	968112	964254	961275	966241	967731	963702	964209	965605	969213	966397	970234	967194	964370	965764	965842	960251	965799	968561	966149	964814	968920	967630	967074	967197	964866	967731	966382	961947	966028	967789	967798	960490	964790	965360	965344	969476	966187	965956	967685	968378	962752	966373	964983	968349	964232	968983	964270	963484	966858	964662	966655	966884	963456	969766	966795	963805	965896	966408	966624	961217	965065	967790	967264	965436	963574	968949	967376	961323	959151	965817	963660	965474	967910	966877	968561	967218
65	965762	965481	967114	964621	962341	969716	966395	962831	963921	967066	965878	966804	964055	962638	966277	962352	967391	965063	964918	965624	967516	961566	967510	968267	964822	963961	966529	969314	964040	964337	966528	969919	967092	971841	967521	964631	967384	966729	960732	965862	969135	966200	965092	969050	967951	968017	967876	965262	967858	966703	962274	966139	968529	967940	962088	965124	966433	965480	969829	967823	966084	969358	968688	963028	966525	965291	968486	965157	969256	964475	965039	966995	964833	966939	967012	963622	970218	966884	964663	967097	966573	966637	962147	966628	967938	967750	966183	964314	969014	967888	962864	960790	966198	964152	966252	968250	967135	968698	968097
66	965914	966351	967574	964854	962833	970256	967410	964660	964682	967244	966630	966908	964344	962771	966362	962776	967730	965232	966674	965780	967847	964308	968417	968483	965062	964965	966611	969645	964271	964493	967260	970088	967440	972198	967743	966664	967955	967563	961554	966844	969201	966992	965487	969442	968093	968885	968562	965896	968309	967012	963227	966417	968754	968081	962407	965612	966843	965543	970230	968105	966517	970098	968853	963258	966728	965565	969445	965726	969276	964856	965925	967205	965146	967203	967346	965299	970489	967104	965409	967303	966852	967622	963050	966743	968461	967815	967677	964542	969432	968155	963380	961919	966265	964290	966492	969460	967188	968826	968179
67	966881	966906	967860	965054	963715	970565	968152	965628	965107	967398	967135	968394	965943	963744	966814	962978	967893	966128	966798	967035	968180	964509	968550	969173	965242	965231	966990	969833	968073	965369	967583	970522	968446	972412	968443	966767	968351	968542	962652	967399	969613	967200	965655	970539	968893	970252	969485	965917	969037	967725	963839	966738	968864	968315	962694	966257	967263	966534	970777	969047	966794	970937	969026	963591	967013	965770	970869	967226	969474	965812	966874	968080	965269	967433	967421	965655	970917	967186	966552	968265	966988	968235	963209	968871	968648	968065	968330	965429	969712	968183	964313	964030	967205	964793	966928	970216	968064	968944	969139
68	967454	968524	968120	966057	964749	971170	968328	965710	965833	967694	967334	969139	966096	964089	967840	963975	968530	967232	966921	967523	968298	964856	968847	969298	966101	965885	967036	970076	968215	966030	967806	970842	969061	972567	968780	967294	969366	968729	963117	967494	969805	968149	966175	970827	969509	970467	969571	967338	969395	967776	964022	967123	969245	968955	966735	966434	967378	968152	970833	969958	967002	970958	969787	964479	967312	966455	971810	967981	969605	966104	967809	968643	965863	968112	967724	966059	971171	967368	966878	969417	967112	968836	963346	969031	969362	969231	968573	965647	970117	968345	964649	964855	967576	965090	968774	970443	968914	969387	969429
69	967739	968888	968269	966187	964900	971371	968603	966610	965949	967885	967502	970084	966240	964269	968085	964123	968806	967629	967889	967890	968341	965740	969097	969582	966709	966878	967779	970322	968513	966307	969302	970964	969263	973176	969185	967644	970081	969171	966961	967557	970747	968282	966321	971133	969960	970570	969925	968284	969501	968212	964233	967330	969330	969481	966869	966548	967629	969413	970958	970079	967513	971571	969955	964809	967398	967701	972052	968557	969652	966453	967933	968837	966046	969061	967972	966599	972169	967921	967501	970086	967992	969424	963634	969269	969622	969246	968693	966068	971298	968517	965681	965812	968454	965506	969642	970640	969101	970278	969616
70	968055	969075	968408	966936	965389	971519	968708	966820	966935	968346	968514	970488	966978	964590	968200	965623	969697	968516	969874	968011	968660	966028	969412	969816	966800	968297	968293	970592	969101	966514	970289	971445	969487	973415	970590	967821	971047	969408	967052	967702	970834	969214	966613	971310	970817	972040	970414	968443	969657	969342	964436	967532	969538	969619	967019	967254	969179	969551	971082	970652	967631	971691	970071	966024	967629	968006	972349	968931	969807	967567	968194	969357	966188	969518	968852	966901	972554	968128	967605	970919	968110	969769	964409	969460	970324	969928	968969	966172	971613	969103	965960	965918	968748	965759	969925	971448	969716	971565	970432
71	968150	969858	968497	969609	965500	971769	968865	967451	967256	968638	969110	971441	967266	965216	968535	968144	970096	969230	970026	968617	969232	966701	969611	971143	967752	969006	968438	970736	969206	967612	970679	972267	969557	974373	970983	970507	971126	969594	967997	968431	970964	970266	967120	971657	971206	972989	970690	968950	970035	970691	964777	967657	969667	970471	967149	968300	969704	969741	971249	970779	967840	972290	970128	966560	967815	968203	973441	969515	970043	967583	969664	969683	966387	970118	969020	967714	972726	968205	967981	971109	969143	970630	964691	969758	971005	970096	969071	966396	971904	969961	966074	966740	969066	967238	969943	971742	970456	971728	972357
72	968350	970029	969485	969910	965625	972403	969743	969511	967480	969914	969859	971746	967448	966034	969551	968241	970962	969382	970446	969199	969421	966890	969754	972084	967837	969835	969914	970910	969313	967744	970746	972386	969670	974492	971254	970660	971236	971653	968729	968676	971147	970453	967643	971789	972010	973381	970823	969674	970593	971704	964874	968347	970456	971301	967414	968793	970596	969864	972294	970856	969262	972441	970200	966777	967969	969065	973968	969820	970163	968533	970091	969946	967358	970989	969305	967874	973055	968429	968135	971263	969247	970767	966170	970488	971896	970520	969296	966686	972364	970790	966155	967683	969260	967369	970713	972002	970718	971869	972510
73	969082	971352	970707	970958	968426	972570	969935	969756	967603	970518	970043	971872	967520	966288	969658	968519	971828	969577	971176	969327	970435	967418	970014	972304	967944	970756	970804	971103	969413	968536	970903	973037	970446	975290	971376	970805	971555	971935	969788	968845	971451	971255	968718	972350	972571	973457	971053	970751	970622	972190	964970	968543	971289	971887	967433	968835	971497	970050	972457	970953	969346	973174	970929	968088	970079	969268	974352	970821	970274	969495	970264	970073	967846	971146	969568	968398	973313	968627	968337	971349	970252	971357	966468	970624	972026	971451	969753	966964	973984	970997	966464	967807	969400	967976	972082	972174	971078	972638	973050
74	969252	971643	970789	971454	969402	972970	970117	970003	968305	970742	970309	972156	968165	967019	970230	969040	971865	969899	971476	970279	970556	969406	970528	972395	968433	970979	971591	971580	970371	968756	971883	973798	970586	975676	972503	971133	972286	972009	970135	969079	971580	971369	968921	972507	972689	973942	971367	971171	970908	972857	965211	969120	971771	972102	967610	969223	972455	970189	973313	971391	969659	973374	971882	968242	970162	969410	974825	971776	970878	971345	970402	970282	968858	971281	970207	969495	973429	969047	968602	971381	970427	972482	966569	970955	972090	971954	971301	967232	974274	971737	967352	968086	969731	968438	973034	972567	971417	972745	973358
75	969381	972024	972232	972172	970105	973706	970265	970533	968481	971039	971042	973268	968868	967495	971084	970125	972059	970485	971676	970415	970857	969671	971987	972908	969294	972391	971741	971787	970535	969099	972002	973880	970665	975842	972573	971197	972956	972261	970770	969522	972310	972916	969454	972743	972844	973960	971660	973084	971029	973849	965517	969296	971973	972755	968490	970631	972618	970342	973428	971565	970072	974319	972070	968792	971114	970347	975639	971804	970985	971699	970500	970436	969173	971353	970371	971029	973625	969292	968911	972102	970710	972642	966721	971224	972206	972310	971415	967866	974547	971827	968624	968179	969755	968809	973207	972726	971873	973010	973585
76	969513	972888	972778	973199	970244	973850	971149	971155	968615	971338	971206	973946	969202	968368	972476	970965	972139	971218	972057	970534	971017	969817	972052	973033	969679	972505	971775	972043	970950	969118	972165	974168	971633	976259	973518	971730	973825	973206	970902	970259	972647	972995	970378	973417	973325	974065	971749	973318	971298	974642	966101	969401	972697	973228	969032	971507	972751	970456	973635	971842	970633	974522	972465	969344	971346	971291	975844	971995	971274	972003	971867	970890	969723	971890	971534	971903	973737	971475	968930	972260	970786	972844	967814	971507	972518	972844	971695	967948	974675	972131	968822	969196	970071	970670	973325	972805	972965	973950	974165
77	970241	973010	973011	973357	970492	974620	971245	971868	969135	972477	971662	974251	969286	968644	972573	971768	972382	971617	972843	971367	971383	970247	972310	973048	969920	972785	972181	972121	971898	970070	973064	974240	972636	976641	973895	971872	973943	973646	971692	970351	972849	973242	970889	973541	973588	974292	972146	973455	971601	974776	966423	969931	972893	973314	969141	972410	972989	971964	973683	971970	971973	974754	972570	970273	971706	971401	975968	972830	971618	972553	972072	970993	969853	972769	971664	972399	974381	971601	969621	972805	970913	973240	968432	971824	972714	973372	971758	968570	974743	972449	969403	969352	970280	971351	973560	973304	973099	974511	974858
78	971222	973583	973478	973469	970632	974743	971785	972377	969615	972819	971950	974663	970764	968806	972750	972549	972509	971643	973259	971499	971469	970398	972480	973301	970045	972992	972267	972930	972013	971377	973752	974384	973308	976959	974008	971996	974065	973955	972047	970852	973036	973993	971237	973876	973750	974589	972369	973728	971709	976140	968545	970185	973585	974352	969532	972518	973151	972390	973880	972962	972204	974910	973525	970496	971966	971856	976317	974195	973072	972985	972254	971755	970013	973712	971733	972663	974523	972323	972077	972944	971303	974189	969112	972675	973294	974632	971898	968845	974831	972860	969425	969418	970582	971745	973760	973482	974120	974676	975594
79	972638	974519	973867	974480	971506	976556	971938	972614	969782	973286	972092	974938	971266	968930	972776	972915	973466	972256	973946	972913	971747	970816	974514	973429	971013	973287	973157	973955	972554	971511	974272	974818	973456	977608	974379	972161	974142	974226	972432	971299	973168	974252	971354	974096	973996	974737	973143	974532	972025	976812	969437	970270	973711	974461	970256	972591	973189	973363	974009	973110	973130	975238	973976	970977	973334	972011	976349	974529	973301	973383	972395	972439	970127	974007	972240	972992	975408	973288	972567	973428	971637	974302	969455	972824	973444	974774	972044	969427	974998	972979	969488	969669	970788	971842	974487	973581	974292	974840	975853
80	972789	975462	974002	974948	972390	977276	972333	972866	970542	973419	973091	975923	971357	969001	973072	973079	973544	972387	974127	973586	972018	971089	974633	974114	972841	974097	973733	974904	973281	971916	975141	974979	973738	977854	974615	973098	974599	975000	972692	971883	973952	974340	971652	974970	974163	975305	973315	974648	973399	977277	969888	970370	973772	974606	970434	973154	973866	973591	974129	973274	973513	975359	974829	972401	973638	972200	976539	974597	974648	973487	973368	972553	970837	974063	972352	973307	976135	975201	972700	973676	972508	974400	969776	972940	973661	974924	972339	970184	975903	973082	971641	969820	971586	973193	974605	973653	974821	975804	976422
81	972936	975707	974101	975310	973668	977379	972692	973007	970710	973539	973164	976455	971714	971639	973760	974458	974328	972450	974358	974517	972162	972046	974829	975041	972973	975067	974438	975019	973945	973007	975608	975242	973919	978057	974638	973287	974770	975119	973130	973312	974754	975619	971722	975280	974364	975821	973546	975039	974315	977429	970652	972338	974343	974760	971213	973586	974724	974458	974444	973417	974338	975624	974901	973283	974318	972734	976701	974879	974778	973762	973705	972901	970935	974173	972879	973659	976464	975835	972862	973714	973073	975342	969871	973440	975062	975442	972400	971208	976070	973290	971769	969906	972154	973538	974911	974599	974956	975818	976849
82	973184	976256	974232	975876	973849	978231	972935	973109	970973	973666	973330	976671	972383	971810	975204	975228	974816	973370	974513	975347	973546	972322	975616	975222	973156	975498	974718	975154	974170	973126	975787	975490	973948	978391	975343	974778	975056	975392	973646	973422	976030	976559	972408	976220	974739	976287	973699	975072	975387	977801	971652	973637	974527	975073	971362	975050	974977	974893	974568	973854	975113	976602	974995	973440	974344	972849	976844	975157	975511	973853	973909	973067	971086	974446	973573	973832	976592	976102	973145	974119	973940	975518	971805	973593	976058	975766	973423	971923	976936	973804	971828	970404	972526	974479	975439	974993	976370	975910	977229
83	975106	976457	974768	976019	974718	978333	973248	973139	971457	973766	974278	976979	973337	971922	976016	975525	975027	974658	975584	975414	973818	972466	976984	976598	973243	976012	974805	975260	974255	974006	976660	975608	974402	978582	975455	974926	975445	975506	975052	973522	976194	977114	973043	976450	975150	976541	975074	975310	975676	978037	972024	974294	974856	975186	972138	975822	975646	974982	974885	974030	975865	976687	975252	973574	974695	973595	977098	975389	976350	974564	974495	973470	971250	975131	973942	974388	976811	977032	974082	974339	974064	975988	972490	973649	976488	975933	973592	973848	977512	973913	972156	971231	972994	974784	975682	975246	976477	976177	977673
84	975588	976636	974875	976084	975164	978474	974142	973403	972162	974355	974548	977235	973715	972073	976488	976375	975336	974924	975623	975642	974488	972973	978265	977160	974028	976578	975753	975414	975574	975397	976960	976915	975485	979043	975819	975269	976514	975805	975322	973807	976343	977265	973357	976468	976475	976957	975291	975474	975825	978461	972392	975162	975925	975638	972485	976367	975805	975691	975043	974213	976117	976818	975344	974424	975528	973630	977206	976348	976532	975469	975229	974048	971401	975279	974078	975766	977278	977068	974580	974568	975010	976200	973017	974504	976639	976153	974307	974022	977740	973992	972292	971621	973107	974929	975851	975376	976626	976293	978181
85	975851	976683	974974	976242	975312	978558	974274	974258	972941	974538	975821	977329	974606	972204	976747	976829	975538	975099	975892	976362	975425	973753	978721	977271	974192	976737	976067	975575	975657	975715	977302	977240	975706	979068	976302	975836	977061	975913	976752	974006	976608	977381	974132	976737	976640	977113	976357	975733	975889	978537	972602	975728	975991	976126	972570	977151	977249	975889	975196	974810	976913	977390	975588	974727	975646	973840	977269	977444	976737	976154	975511	974947	971706	975657	974199	975966	977429	977158	974843	975173	976843	976630	973146	975066	976790	977028	975136	974746	977978	974639	972563	971814	974437	975617	975978	975672	976713	976830	978387
86	975970	976768	976334	976351	975440	978875	974742	974652	974275	974761	975883	977486	974712	972893	977180	977518	976408	975378	976095	976820	975488	974218	978874	977335	974288	976972	976732	976431	976408	976068	978322	977352	975857	979113	976763	976515	977889	977393	977426	974143	977538	977516	974540	977189	976750	978050	976739	975856	977231	978554	973313	976582	976762	976529	972972	977838	977507	976045	975353	975081	977341	977499	975838	974901	975917	974708	977408	977482	977082	976395	975768	975038	972516	976056	975140	976181	977521	977270	974910	975278	976956	976803	974172	975164	977271	977392	975522	975158	978098	976003	973259	972141	974593	976571	976471	976053	976840	976865	978545
87	976181	976895	977118	976526	976007	979038	974755	974848	975678	975228	976091	977717	974894	973761	977423	977628	976569	976459	976366	977159	976168	974287	979069	977447	974617	977167	977772	976716	977010	976263	978701	977669	976520	979309	976932	977308	977995	977520	977873	974499	977733	977563	974756	977558	976790	978083	976836	976052	978013	978765	973474	977306	977003	976787	973155	977967	977725	976344	976035	976445	977513	977677	976587	975745	976072	975441	977621	977593	977597	976685	975881	975204	972657	976424	975880	976846	977674	977502	975069	975427	977417	976928	974900	975261	977635	977456	976375	975517	978934	976166	973669	972254	975165	976812	977223	976178	977044	976950	978659
88	976518	977054	977183	976650	976108	979250	974937	975694	976576	976527	976839	978850	975408	975721	977554	977841	976994	976695	977423	977175	976267	974745	979156	977560	975022	977811	978010	976863	977245	976533	978880	978296	976780	979459	977199	977428	978199	977901	977983	974726	977877	977646	975010	978246	977043	978152	977537	976204	978690	979490	973669	978687	977492	976908	974291	978072	978095	976502	976696	976489	978508	977946	977512	976260	976749	976326	977843	977615	978020	977530	977732	976538	972722	977367	976609	976981	978001	977758	975955	975520	977723	977349	975125	975627	977765	977675	976546	976839	979119	976271	973692	974307	976490	977540	977389	976326	977886	977199	978786
89	976995	977376	977440	977596	976821	979328	975007	976406	976815	976816	976953	979384	975726	976362	977767	978197	977931	976806	977912	977296	976460	976108	979433	977731	975044	978021	978788	977011	978237	976627	979117	978507	977472	979668	977403	978797	978439	978842	978450	976452	978455	977799	975087	978375	977621	978321	977553	976972	979365	979675	973871	979204	977647	977151	975231	978686	978309	977014	977599	976790	978602	978310	977694	976953	976874	976513	977882	978553	978249	977661	977812	976590	973286	977483	976686	978071	978260	978622	977348	976186	977978	977461	975424	976078	978235	978978	977120	977336	979758	976379	974958	974708	977157	978942	978308	976439	978398	977396	978869
90	977793	977473	977787	978506	976982	980272	976339	976797	977295	977306	977849	979552	976231	976463	978705	978372	978311	977493	978104	977900	976606	977182	979642	978678	975745	978141	980064	977099	978750	977348	979135	978885	977628	979907	977524	979034	978652	978927	978723	976931	978470	978059	975621	978521	978683	978468	978286	977887	979660	980431	974261	979353	978271	977270	975345	978948	978419	977245	977710	976897	978856	978859	977808	977836	977207	976665	978038	978717	978724	977754	978350	976718	973587	977583	977435	978084	978398	978808	977550	977031	978812	977955	976365	976294	978897	979305	977542	977603	979834	977595	975294	975429	978169	979210	978348	977381	978659	977580	979006
91	977848	978477	977962	978784	977069	980598	977344	978160	977839	978137	978216	979607	979751	977213	978975	978385	978416	977987	978324	978196	977364	977450	979878	978793	976243	979139	980281	977541	978951	978266	979225	979122	978313	980135	978470	979329	979212	979487	978797	977087	978796	978166	975985	978751	978853	978703	979192	977975	979812	980577	975639	979478	978548	977412	975572	979395	978936	978093	978302	977269	978939	979799	978490	978647	977223	977139	978252	978778	979485	978138	978645	976974	973811	977645	978644	978217	978595	978923	978395	978344	978898	978216	976839	976407	979058	979470	979387	977708	980040	977961	976020	976101	978295	979960	978476	977493	978729	977933	979131
92	977927	979328	978060	978910	977284	980611	977636	978265	978264	978682	978240	980531	980213	977686	979548	978543	978870	978061	978774	978874	977431	977983	980144	979343	976914	979238	980812	977842	979164	979256	979628	979259	978480	980313	978728	979474	979363	979631	978909	977564	979643	978467	977070	979185	979346	979438	979476	978232	980371	980687	976368	979566	978775	978789	975825	979408	978990	978755	978473	978129	979387	980003	978842	978993	978228	977306	978452	979235	979724	978813	978751	977911	973908	978419	979201	978477	978724	979211	978931	978452	980282	979544	976996	977081	979295	979817	979420	978773	980136	978109	976285	976671	978396	980262	978785	977976	979079	978599	979432
93	978205	979437	978631	979041	977350	980797	977789	978375	979203	979371	978668	980731	980292	979052	979849	978618	979131	978574	979111	979047	977563	978262	980830	979616	977637	979357	980908	978262	979291	979381	979690	979527	979279	980448	978815	979620	979519	980084	979388	977856	979801	978579	977284	979519	980238	980165	979545	978300	980690	980776	976541	979669	978911	979052	976368	979729	979147	979111	978688	978792	979528	980111	978993	979106	978688	977428	978541	979323	979836	978975	979194	978820	974417	978978	979288	979488	978984	979671	979040	978774	980419	979641	977342	977476	979431	980091	979569	979118	980306	978292	976888	977621	978985	980679	978841	978139	979101	979185	979782
94	978332	979498	978928	979223	977471	981091	978349	978480	979444	979525	978998	981153	980326	979278	979947	979291	979426	978821	979224	979319	978626	978908	981291	979713	977909	979411	981343	978799	980113	979840	979977	979953	979452	980869	978927	979633	980267	980159	979553	978042	980037	979242	978034	979777	981229	980276	979668	978442	980817	981053	978302	980276	979045	979267	977692	979875	979989	979221	978851	978974	979913	980369	979290	979400	979455	978090	978917	980618	980490	979375	979523	979081	975102	979278	980592	980222	979126	979767	979120	978927	980723	979795	977444	977774	979667	980157	979788	979140	980517	979136	977568	977942	979971	980968	979138	978236	979784	979262	979866
95	979005	980057	979202	979614	978847	981182	979664	978797	979576	979821	979391	981454	980562	980178	980276	979389	980791	978940	979305	979416	978772	979120	981438	979866	979280	980077	981538	980007	980787	980637	980088	980110	979578	981016	979458	980088	981158	980288	979849	979093	980720	979255	978131	979862	981410	980507	979858	978729	980964	981173	978362	980429	979402	979331	978638	979983	980148	979933	979242	979753	979997	980454	980349	979422	980513	979086	979983	980706	981030	979967	980840	979293	976425	979496	980825	980293	979400	980443	979240	979496	980747	980122	978766	978041	979961	980416	979980	979288	980673	979551	977717	978621	980216	981224	979342	978307	979926	979989	979961
96	979350	980071	979311	979878	978948	981473	979859	979860	979884	980568	979477	981721	980678	980973	980384	980325	980901	979037	979448	979927	979029	979236	981498	980232	979388	980403	981595	980333	981436	980811	980111	980217	980381	981142	979584	980286	981286	980468	980713	979543	981181	979419	978228	980699	981537	981354	980708	979476	981051	981494	978718	980554	979763	979624	978838	980084	980755	980390	979333	980173	980285	980764	980415	979747	980597	979580	980923	980901	981378	980542	980946	979574	977308	980103	981571	980439	979517	980865	979914	979662	980886	980302	979987	979428	980623	980768	980087	979933	980906	979619	979083	978988	981010	981607	980266	978599	980043	980664	980271
97	980650	980246	979460	981243	979669	981688	980222	979976	980094	980644	979728	982005	980985	981570	980970	981376	981096	979424	979549	980034	979380	979399	981558	980533	979553	980544	981710	980997	981497	981478	980705	980388	980704	981271	979616	981155	981701	981033	980800	979690	981249	980059	978478	980995	981673	981647	981456	979842	981502	981652	979713	980707	980026	979689	979145	981006	981314	980570	979558	980279	980360	981363	980476	980410	980685	979791	981217	981630	981949	980645	981058	980237	979033	981156	981683	980898	979843	980990	980014	980280	981181	980560	980126	979667	980900	980989	980217	980046	981321	979651	979977	980348	981512	981720	980526	979446	980370	980924	980466
98	980716	980571	979492	981546	979788	981930	980398	980115	980126	980754	980789	982085	981049	981743	981861	982038	981110	979560	980452	980836	980271	979554	981672	980620	980446	981595	981807	981378	981697	981593	981497	980467	981209	981331	980175	981178	981981	981418	981365	981014	981397	981366	979040	981137	981769	981773	981582	980141	981736	981777	980432	980860	980091	980114	979398	981092	981959	981072	980448	980730	980957	982029	980616	981394	980979	979928	981329	981845	982034	980730	981153	980319	979893	981222	981940	981691	980291	981080	980950	980700	981345	980667	980386	979742	981109	981153	980806	980318	981779	980313	980543	980512	981932	981851	981325	980367	980792	981066	980701
99	981271	981317	979666	981559	980084	982036	980929	980394	980380	980841	981773	982170	981144	981757	981946	982177	981201	980840	981253	980948	980466	980490	981820	980913	980738	981691	981953	981831	981809	981616	981678	981449	981930	981426	980265	981562	982129	982064	981425	981396	981608	981470	980341	981243	981947	981882	981929	980312	981750	982027	980729	980999	980503	980891	979539	981813	982024	981409	980827	980909	981017	982104	980820	981555	981624	980260	981626	981914	982119	981524	981833	981264	980816	981318	982008	981813	981655	981227	981811	980984	981429	981027	980482	980459	981856	981279	981221	980764	981864	980438	981289	980660	982063	982008	981706	981113	980888	981305	981157
100	981992	981990	980122	981711	981019	982286	981204	980773	980486	981045	982018	982295	981322	982172	982163	982272	981354	980901	981338	981566	980677	981682	982181	981028	981305	981893	982058	982042	982093	981934	981817	981534	982045	981991	980562	981668	982225	982086	982105	981537	981968	981681	980447	981424	982216	981934	982028	981502	981896	982291	981294	981450	980770	981624	980461	982106	982150	981770	981120	981190	981082	982224	981072	982138	981819	981315	981883	982200	982257	981780	982107	981844	981866	981456	982093	981919	981719	981551	981927	981664	981545	982218	981211	982172	982035	981640	982014	980977	982245	980534	981722	981243	982209	982153	981766	981252	981469	981430	981839
101	982371	982200	981844	981775	982301	982424	981406	981601	980747	982310	982163	982434	982372	982278	982341	982376	981406	981157	982113	981746	981521	982355	982352	981645	981474	982167	982197	982167	982189	982315	982318	981566	982138	982372	981612	982047	982371	982372	982200	981663	982350	982182	981157	981955	982331	982138	982388	982182	982311	982392	982344	982371	981093	982075	982170	982261	982434	982355	981775	982172	981266	982301	981157	982223	982352	981601	982318	982303	982396	981925	982309	981955	982077	982311	982189	982372	982443	981844	982138	981732	982171	982344	981891	982317	982360	982223	982167	982167	982341	981093	982133	982133	982350	982392	981891	981925	981521	982223	982096
102	982456	982456	982456	982456	982456	982456	982456	982456	982456	982456	982456	982456	982456	982456	982456	982456	982456	982456	982456	982456	982456	982456	982456	982456	982456	982456	982456	982456	982456	982456	982456	982456	982456	982456	982456	982456	982456	982456	982456	982456	982456	982456	982456	982456	982456	982456	982456	982456	982456	982456	982456	982456	982456	982456	982456	982456	982456	982456	982456	982456	982456	982456	982456	982456	982456	982456	982456	982456	982456	982456	982456	982456	982456	982456	982456	982456	982456	982456	982456	982456	982456	982456	982456	982456	982456	982456	982456	982456	982456	982456	982456	982456	982456	982456	982456	982456	982456	982456	982456
