1	267182	237010	257942	259448	263993	253633	240579	255172	244768	235798	265523	226620	220881	248060	244768	259448	261899	245481	250636	229777	229777	261739	264987	251522	224121	261893	248060	261875	261350	239795	225407	234037	213680	258499	257942	245481	262179	261823	226620	250868	255172	258706	254198	225674	253937	263341	248182	248182	265523	263901	241777	258849	231230	213485	256448	257533	229662	253633	254738	230230	236291	219122	229777	262179	255172	255022	228405	250966	242797	226620	229085	250636	229085	258706	260467	213680	253937	263901	250636	239141	213485	218151	261350	234037	261823	237010	224121	244874	263397	241067	228743	230072	264864	244874	246840	265523	264864	230072	240579	226620
2	312849	293027	281508	295941	310890	303985	315019	309996	304210	296263	313733	280697	304142	306978	294489	307503	306669	310459	301583	282932	311728	303174	310885	310608	278704	293240	304413	316348	305995	314359	312349	292033	288425	308003	313001	305363	308839	285635	287543	303246	307558	308278	299109	311352	299852	309510	299514	318884	299634	311385	296341	311179	272738	292043	304944	303762	305753	299699	305808	293357	310525	220797	303571	303995	306035	311693	295686	318808	311854	302288	300178	320605	307734	309455	309679	262657	320493	313027	315008	311443	262947	287944	304892	308097	314499	294677	299222	307947	309049	314872	290887	288206	312071	297531	299365	312374	316286	307767	294467	302833
3	336173	331524	322424	324190	332199	329085	346872	326263	338164	313297	330808	314813	306150	333158	330846	318928	335694	323487	303363	330750	330869	346077	326736	340556	330498	324438	335142	338051	332721	337395	336702	320745	322416	339041	333119	331244	332484	320632	319363	331802	333121	328036	314288	331449	331950	331566	328035	342685	320119	334014	331905	340343	328681	330765	329250	329582	335750	331262	335793	332916	332483	281756	342311	332531	330635	332560	333925	339731	343443	324071	328488	343191	337087	334526	336907	323628	342626	338337	336671	334064	312454	332998	319932	334286	335774	318630	327614	332369	323708	338236	328334	330940	337344	333161	334810	332049	332742	327638	331917	337864
4	347851	344842	340035	344424	345201	343585	356541	346375	351389	332568	346834	342379	331088	346708	348388	344131	349506	341770	334781	343367	335830	357361	344572	354226	333175	335129	347986	339557	348757	348459	339632	337561	345155	351513	348071	345917	346836	338973	340794	350926	347853	341901	335993	344805	344701	346037	347072	358995	335952	347922	356768	352145	346478	344772	344811	344311	342867	343320	347092	345917	350195	330743	354140	358363	354591	345609	347394	345361	353346	344106	343879	356445	348694	351160	347135	342524	357161	352666	350557	345206	341346	348606	323165	348691	349121	339695	341043	346475	325824	352383	348724	342445	348875	349314	353079	358334	345321	330887	347270	350814
5	356757	359294	350191	354796	354195	353833	362142	357840	365205	343199	358378	354016	350560	355800	360657	357209	359368	350628	353046	357016	341121	366893	355917	363030	342918	341894	358107	350192	359045	360103	354428	353520	352339	359690	353425	357278	357060	351438	349377	357563	358369	350557	347161	354366	350955	357025	356900	366898	348819	357473	364137	360115	351725	352084	356326	353842	354988	355919	355495	355424	356756	342270	355201	366116	362068	355957	357007	359936	364376	353744	354305	361044	358111	358427	355605	358986	365574	361584	354695	358557	353946	357250	342893	354998	358331	354253	357634	357659	346892	368251	356141	353694	359214	357089	360857	366224	347941	343967	357090	365896
6	362473	365979	356660	361617	363380	361115	369948	365156	365681	349266	368340	360830	354599	362416	373926	365704	365209	357222	357368	364355	354504	374431	366597	372729	357378	353414	364467	359765	367952	364271	363890	361039	367853	367161	359846	364803	358058	359059	351388	363174	360063	358609	348687	357442	352132	363395	365087	375676	361177	366720	366437	367459	360614	364288	362206	360545	362639	362644	363011	367005	362216	356805	359228	371193	365277	364385	364605	367203	369761	361145	367082	365065	367088	362350	360040	365075	373121	365849	360236	365614	361299	358818	352448	364299	367127	365128	364160	365248	354406	369293	364664	358085	366432	362056	367408	372086	360718	353469	365067	372697
7	366872	372340	365930	367689	369835	370107	374893	371981	372679	355755	370892	370912	362246	368558	376976	370109	372320	365015	363883	373570	361858	376901	374045	377168	365760	364985	372183	366834	372664	365909	370011	371110	371671	369847	367927	368676	364524	363866	356957	373415	372856	361645	358973	363373	359368	368499	367478	379966	365485	368184	367274	372950	361127	370405	366672	361037	369868	370588	368820	371248	369682	360641	365650	376388	365977	371563	370749	375807	372067	371177	371543	369752	373024	370071	366133	371695	375409	369844	368116	369705	362108	367924	361049	368989	371097	367361	372449	370774	369060	372162	369372	363983	373873	370287	374967	375492	363511	366454	369088	379540
8	369607	375428	376439	368573	375285	373888	379857	375729	378424	356493	374037	375716	368261	373365	380890	373945	374647	369324	364383	378607	367382	378727	378069	381020	372419	372235	376647	371243	376822	372938	375971	371889	376284	375012	377905	369997	370423	373665	362658	377978	375260	370408	363304	369173	364774	374690	373011	383670	371305	369936	372031	376564	366424	376683	369420	372060	370740	374511	371553	375903	374084	367162	370226	379532	373730	375105	373389	381587	378025	373823	373717	375018	375159	372993	370645	376571	379566	372597	373252	372489	367955	373290	373061	374494	373901	374634	374578	376709	373415	376429	373303	369424	378061	373233	380252	379101	370286	371436	371984	381634
9	375384	378938	379075	370770	378619	378827	383157	378426	382044	362291	376966	378558	370763	378999	383358	374799	377059	371522	371093	381471	371039	379502	379943	383389	376999	374447	381204	375848	378674	374613	380558	374760	379339	379322	381310	376365	377453	374797	375429	380843	378911	379020	370515	371498	372187	377708	377992	386676	376360	376365	372893	380008	369047	380752	370572	376595	374917	379349	377616	379280	375649	369948	372679	380375	379544	378845	376043	383262	379216	374175	378357	377082	379665	375874	372779	377244	384060	376814	374925	376227	368428	373907	375234	376586	375416	375324	378206	380145	377863	379803	375343	371506	378469	378735	382627	381430	371635	377721	373909	383471
10	379070	380284	380061	374468	379252	379967	385832	382417	384412	375328	378038	381401	375246	381635	384374	375911	387006	375152	375035	382229	372578	383812	380426	383930	382607	379252	385245	378345	380680	378696	382458	376298	382401	379997	384798	380339	381169	378495	377870	383959	380269	381097	374456	372793	379979	383443	379411	388315	379959	380550	380308	381195	378905	383888	375385	381501	376875	381279	380739	382995	378546	377437	377654	383922	383186	382081	380499	386570	383141	375239	383039	378990	381579	380262	376596	378785	385412	379810	378436	381568	371656	374567	376018	381280	377456	378571	380272	383071	382606	382477	376518	372420	383248	382562	385824	384429	376159	379738	378378	385036
11	380921	381526	383354	375490	382495	380599	387805	388846	386696	380079	382000	384938	379731	384295	387359	380068	389120	379096	379385	383858	373343	385345	383296	386039	388024	382074	386875	382165	383503	380714	382816	379502	385169	380120	388979	382333	385027	379550	381272	387047	381781	384591	378468	377792	383532	391776	382769	388960	382879	381848	383450	382931	381859	386347	380295	382115	381306	382349	381131	385096	379781	379731	378899	384096	386398	383699	382346	387276	385759	381467	385415	380369	384891	384162	379471	380908	387471	382726	382318	383659	375382	378816	376381	384324	380328	381710	384949	385741	385684	385397	377870	373317	385183	386106	388657	385984	380527	382510	381740	385851
12	383450	384897	384190	378630	384690	383441	390118	390406	388656	381198	385887	387408	380198	387091	387954	383899	389976	380163	382444	386120	375215	386320	384914	386709	390097	385844	389211	384219	384385	382812	384433	382147	386530	384654	390820	382791	386165	386291	384661	387918	384843	387859	383624	384015	387507	392820	384892	389562	384828	384190	386761	387851	383031	388110	382776	385002	385216	384769	386176	387012	383531	383711	383694	386155	389269	384283	382516	389996	388422	381974	386110	383542	387744	386805	382177	383310	389533	385921	384227	386255	381306	382290	377668	387098	381266	385666	387908	387677	387494	387713	379980	377531	387485	387967	390583	387044	384249	383035	384765	386584
13	384786	389733	388948	382262	387167	387860	392278	391843	390698	385384	388366	388605	382619	389282	389034	386002	392330	384041	383612	389556	377654	388623	386870	388398	392251	386088	391603	385501	386976	385925	386984	382746	387156	386886	391433	385450	388840	388487	388411	390628	385488	390127	384411	386062	388837	395119	389040	389804	385393	387148	387250	388271	386407	389009	383681	389014	386266	389863	388453	390580	384146	384259	384844	388432	390087	387042	388929	390525	389268	383839	388432	385366	388209	387688	382483	386225	391356	388889	387876	388775	384814	386292	378534	390070	382178	387656	389120	390710	389777	388402	381103	381299	387723	390635	392372	388596	386348	384961	386690	389841
14	385305	390434	390973	384530	388490	390366	393403	392738	392354	387319	391119	389201	385102	390077	390863	386724	393520	387784	387503	390586	381865	390371	386958	389809	393714	389030	392896	387323	387680	387415	389551	386099	388976	389254	392838	387216	390654	390755	390143	391948	387139	392289	384521	388129	390494	395845	390190	391874	388598	387413	389889	390018	389370	390204	386190	392190	388732	390222	389773	391108	384665	384566	386401	389386	391292	387315	390674	391297	390154	387540	389810	386382	389706	388571	385219	387000	391916	390772	388336	389611	386327	387812	381108	392277	383437	390830	393177	392598	390591	391872	382384	383127	391141	392444	393552	390599	388784	386995	389556	390612
15	387706	390752	392455	386961	390863	392778	394812	393304	393563	389794	391290	391378	387514	390505	391568	387001	395643	388469	389208	393824	385923	392585	389571	390861	395807	390640	395875	389013	388090	387929	390747	389047	389386	390009	393339	388338	391413	391650	391362	394668	388204	394809	388059	388426	394215	396848	390395	393537	389902	387820	391997	391106	391301	391451	391321	393683	389434	392163	390774	394950	385138	384933	387485	391220	393803	389057	392543	392859	390644	389851	389884	386679	391868	390667	386094	387314	392196	391507	389081	390230	388169	389679	384534	394479	383830	391837	394578	392959	391034	393699	385904	383791	392531	394404	394358	392633	389062	388316	391619	391091
16	391243	392543	394442	389124	391161	393373	396248	394463	395501	391549	392247	391991	388581	391616	394529	388875	396966	388864	390621	394656	388082	392810	390821	391378	396774	392641	397000	391722	390457	390957	392444	389746	389924	390840	394062	390609	395048	394678	391978	395066	389909	396528	389311	390662	395650	398137	390669	394041	393019	390467	393900	393076	393226	391850	394022	394512	391600	393586	393483	395150	387450	388054	389141	391705	394434	389469	393077	394140	391405	392128	391696	388781	392473	391275	392404	388744	393991	393059	390850	390945	390303	391927	387245	396494	384400	395759	394969	394513	393529	394861	388501	386904	393153	395904	395805	395892	390172	390203	392938	393226
17	391761	395239	396348	390605	393068	394078	396687	395958	396602	394026	394795	392659	389140	391978	396126	390342	397720	392565	392274	395579	389619	394968	392694	393191	397036	393666	397807	393361	391071	392723	395112	391565	391647	393218	396260	391454	395462	395120	394284	396548	391590	397529	391390	392239	396934	398869	392019	395817	393732	391993	395496	393919	393666	392067	394612	394687	391829	394962	393875	395590	389295	390019	389617	394791	394869	390474	394097	395993	392890	392387	392129	390441	394293	393218	392996	389493	394410	393921	392172	392734	391896	393325	389847	397406	384896	397246	396665	395750	395159	395672	389091	389601	395416	396595	396304	398143	390918	391989	393259	393889
18	393872	395692	397617	391323	393645	395710	397274	397102	397282	395267	395494	392929	390254	392237	396634	391116	398132	394224	394160	396007	391537	395388	394500	395948	397756	394480	398235	393579	393989	394444	396617	392632	391844	393990	396596	392904	395760	395342	394581	397944	393348	398469	392671	392700	398073	400248	392193	396955	394140	393385	395708	395492	395313	394162	396317	395490	394235	395709	394759	396387	389474	391261	391985	395633	395999	392892	395314	397499	393526	393542	395008	390883	396579	393703	395983	392224	396245	394764	392285	394744	392991	397501	391878	398886	385436	398410	398405	396396	397165	397403	390304	389860	397119	398149	397175	398693	391724	393367	394573	395001
19	394119	397130	397971	392338	395126	397372	397774	398471	398054	397659	396747	393517	396205	393054	398530	391282	398600	395811	396592	396683	394605	397094	396175	396379	399175	396070	399487	394891	395307	395637	397290	394455	393518	394489	397572	392996	397420	397319	394956	399006	394814	398625	392960	393262	399460	401178	393554	398291	395767	393504	398004	396162	395911	394610	397568	397721	394427	397733	395990	397671	390964	393299	393547	397430	397176	393693	395925	398107	393782	393704	395367	391167	397933	393903	396202	393895	396804	396513	393474	394910	395579	398045	393180	400929	386680	398808	400722	397370	398393	400926	391660	390708	398293	398255	397675	399237	392486	394806	394913	396437
20	394676	397348	399901	393143	396715	397928	397959	399297	399263	398083	398645	395248	397420	395988	398850	392109	400003	396112	397055	398194	395199	398002	396632	398039	399663	397878	399617	396288	395921	397527	398417	396292	393977	396359	398755	393399	398010	397719	395855	399262	397816	399311	393460	395761	399729	402327	396131	399412	396070	394765	399452	396438	398169	395532	397982	399177	395035	399476	396390	397993	391533	394717	395870	398358	399128	393991	396480	399400	395859	394516	396352	392186	398289	394194	396371	394158	397055	397736	393685	395808	396454	399277	393376	401473	387615	399797	401926	397672	398873	401136	393739	391956	399620	398806	399196	399719	394826	394921	395021	397317
21	396149	397722	400298	395757	397364	398472	400925	399788	399494	398602	400112	396063	398595	397104	400844	393571	400840	397172	397303	399293	395558	399211	397440	398374	400858	398912	399916	396507	398445	398538	398813	397319	395099	397623	400032	393892	399272	398967	396858	400454	398092	401358	395314	396795	401216	402500	396672	400127	396236	396084	399804	397460	398824	396442	398883	399712	395496	399590	397564	398504	392301	395268	396441	398612	399430	395467	397984	399560	396140	396199	397769	392322	398614	395710	397517	394525	398241	399077	395638	396983	396888	399719	393820	402332	389486	400235	402000	399155	399382	401609	394387	392599	400049	399785	401020	401350	395002	397420	396151	399187
22	397971	399018	401018	397038	398196	400100	402852	400515	400422	399009	400713	396598	399241	398454	401873	394663	401194	397645	397513	399990	396973	399553	398575	399653	401541	399210	401006	398341	398988	398920	399746	397813	396082	399066	401086	394143	401577	399090	398264	400879	399748	402315	396552	397121	401797	403707	396897	401478	397116	397217	400708	399017	399423	398128	400293	401026	397053	400106	397999	399352	393412	395371	397426	399121	400120	395949	398280	400492	397487	397387	399368	392560	399673	396938	398592	395778	398798	399595	395707	397427	398830	399996	395755	402781	390134	400790	402095	400012	400297	402208	394746	394477	400605	400496	402108	401765	396122	397868	398373	399617
23	398123	399448	401549	397666	400255	400892	402954	402102	400911	399926	401642	398477	399715	399285	402280	396350	401521	398519	398735	400568	398055	400206	399238	400194	402473	399629	401284	398860	400794	399322	400916	398179	397527	399853	402299	394392	402671	400378	399025	401819	400822	403918	396659	398473	402394	404445	398624	401789	397582	398147	400769	399994	400722	399568	400499	402143	397105	400678	398257	399833	393926	395909	397655	399219	400517	397092	400067	401526	397682	398116	399642	395071	400019	399095	399183	396983	399267	400223	396944	398127	400256	401094	397146	404248	391450	401503	402268	400417	400694	403163	395947	394932	400753	401125	403243	403492	396757	399242	399013	399795
24	399662	399698	402634	398708	401671	400982	403681	402627	401842	400217	401720	398645	401008	400095	402376	397002	401938	399357	399172	401455	398499	400825	399779	400362	402739	400170	401541	400635	402018	400336	402393	398416	400914	400201	402648	394581	404203	400656	399251	402286	401114	404536	397725	399289	402796	404649	399028	402305	398320	399496	401793	400157	400979	400262	401067	402244	398283	401488	398377	400368	394339	397875	398579	400717	400850	397475	400973	403508	398770	398633	399958	395207	400339	399237	400005	398334	399990	400494	398067	399109	400429	401847	398691	405427	393285	401665	402542	401404	401314	404295	397432	395802	401739	401450	403563	403899	396861	400123	399254	400418
25	400751	400422	402737	400669	402625	401927	404473	403258	402170	400511	402602	399544	402437	401507	402669	397294	402168	399857	400245	402462	398935	402337	399954	401207	403789	401265	402115	401472	402714	400656	402640	399882	402369	401149	402825	397236	404575	401897	400055	402863	402707	404899	397854	399927	403778	404899	401401	403408	398805	400211	402179	400609	401571	400544	401430	403444	398398	401576	399666	400774	395551	398963	398898	400923	401202	397670	401359	403717	399142	400089	400312	397195	401494	400576	400101	398550	401467	401639	399623	399375	401571	403106	398949	405993	394939	402098	403944	401606	402119	404609	398464	397017	402684	402470	403830	404082	397343	400875	399667	400612
26	401117	401408	403547	401148	402772	402180	404655	403789	403523	400910	403269	400233	404172	402201	403506	398036	402380	400796	401003	402668	400107	402419	400575	401557	405060	401937	402365	402656	403443	400822	402855	400055	402759	401432	404620	398060	405095	402910	400135	403230	403490	405111	398878	400383	404205	405561	402983	404313	399099	400860	402690	401153	402347	400731	402453	403643	399585	401685	401019	401921	396043	399734	400134	401403	401364	398056	402154	404703	400182	401526	401700	397461	401904	400789	400930	399979	401648	404136	401587	399519	402037	403154	399660	407199	396945	403185	404165	402127	402293	404766	399083	398507	402893	402815	404040	404760	397581	401471	402316	400769
27	403863	401617	403708	401278	403863	402888	404926	403908	403830	401867	404138	401657	404667	403807	404456	398376	402504	401525	401555	404172	400324	403224	400749	401860	406330	402050	403351	402947	403822	401714	403080	400192	403544	401513	405423	398997	405528	403323	401137	403877	404306	406123	399266	400541	405045	406529	403428	404485	399390	401011	403130	402265	402754	403130	403340	404571	399828	402938	401722	402914	396144	400495	400288	402316	401523	399538	402727	404908	401298	401779	401934	397715	402820	401892	401174	400071	401980	404797	401680	399765	402681	403292	400425	407411	398908	403379	404433	402462	402802	405981	399448	399962	402989	404750	405247	404983	398093	402452	402991	400978
28	404606	401701	404060	402151	404570	403444	405324	404737	405077	402650	404756	402116	405629	404016	405354	398895	403380	402537	401748	405158	400632	404215	401824	403017	406399	402320	404004	403743	404170	403007	403376	400709	403612	403239	405583	400089	406286	403409	401415	404073	404936	406475	401805	401521	405246	406822	404960	405354	402339	401928	403575	402991	403231	403915	403619	404739	400330	403057	401992	403577	396452	401261	400602	403857	401927	400889	402877	405225	401913	402011	402897	398192	403809	402126	401462	400373	402473	404911	403889	400990	403108	404119	401504	407754	399109	404090	405692	402811	403245	406603	400030	400648	403619	405116	405926	405858	399340	403618	404224	401292
29	404775	402035	404644	402446	404795	403728	405556	405409	405991	403166	405443	402252	406294	404949	406276	399269	404005	403389	402151	405396	401083	404440	402803	404138	406761	403606	404473	403912	404258	403869	405614	401520	404086	403322	405986	400998	406693	404529	402171	404339	406120	406735	402795	401776	405328	406915	405890	405679	403936	402128	404445	404526	404164	404010	404097	405176	400538	403286	402727	406109	396620	401364	400866	404252	402003	401567	403726	406762	402811	402915	403208	400204	403970	402321	401727	401653	403204	405479	405135	401183	403681	404223	402781	407960	399774	404862	406307	402951	403677	406947	400951	400982	404096	405636	406383	406704	399744	404104	404512	401836
30	404926	403057	405588	404985	405026	404534	406154	406088	406988	403320	405945	404115	406559	405101	406558	400324	404140	403872	402316	405643	401445	405231	403255	404650	406874	404101	404655	404772	404509	404700	406207	404929	404251	403538	406136	401194	406830	405277	402571	404478	406269	407206	403615	402179	406052	407222	406020	405773	405397	402247	404675	404761	404609	404474	405667	405594	401535	403864	403175	406857	398221	402392	401480	407111	403295	402189	404907	407426	403125	403211	403894	400301	404314	402429	402214	402190	403253	405674	405302	402061	405381	404568	403618	408324	400702	406099	406540	403182	403909	407024	401421	402135	405056	406390	407109	407071	401083	404548	405150	402428
31	405048	403864	405662	405522	406207	404676	406329	406283	407403	403543	406148	404382	406985	405535	407135	401647	404241	404983	402996	405842	401577	405347	403523	405339	407144	404243	404956	405630	405612	405274	406381	404970	404713	403688	406471	401356	406982	405689	402824	405323	407144	407455	404033	402315	406164	408193	406214	405960	405526	403408	405543	404906	404659	404743	406010	406920	402337	404326	403784	407259	398702	402548	401935	407411	403547	403023	405041	407624	404453	404029	404089	400758	404741	402958	402391	403716	403498	406406	405479	402960	405622	405297	405190	408559	400824	406611	407393	403652	404330	407653	402598	402834	405141	406611	408053	407318	402122	405848	405714	402762
32	406028	404061	405863	405597	406521	405571	406880	407313	408318	404974	406978	404482	407393	406074	407453	402208	405697	405856	403236	406030	402474	405583	404615	405975	407813	404404	405443	406217	406093	405478	407342	405683	404959	404355	407387	402581	407122	406079	403392	405533	407199	407738	404334	403508	406254	408262	406865	406699	406138	404027	405938	405760	405313	405538	406281	407445	402881	404961	405163	407470	399831	405304	403543	407770	403902	403612	405195	408522	405334	404628	404594	400987	405026	403205	402911	404018	404895	407127	406571	404254	406534	406608	406595	409149	400949	407163	407895	404254	405249	408406	405798	403728	405624	406841	408659	407457	403121	406627	406878	404080
33	406814	404880	406576	406168	407542	405727	406960	407640	408782	405389	407058	405066	407892	406963	408115	402554	406443	406116	404339	406429	402648	405740	405516	406023	408138	404589	406371	406479	406450	407485	408453	406036	405344	406347	407683	403475	407252	406694	403724	405958	407859	407820	405707	405071	406382	408931	407985	407437	406870	404168	406274	405840	405809	405838	406509	407739	403297	405783	406161	408037	399979	406361	403855	408536	405381	404452	405763	408854	406410	404800	405231	401245	405807	403346	403540	404342	405052	407533	407079	405440	406676	406710	407037	409309	401172	407359	408543	404700	406204	409090	406137	404557	406031	407396	409348	408321	403875	407300	407338	404746
34	407079	405208	407853	406892	408169	407128	407600	407890	408992	405486	407245	407834	407921	407386	408229	402891	406762	406234	404578	407304	404230	406053	406718	406276	408223	405112	406738	407057	406635	407645	408529	407421	405794	406795	408060	404067	407480	407236	404811	406158	407967	408256	406441	405724	407702	409351	408566	407957	407022	404402	406721	406639	406357	406034	407213	407961	403696	407015	406651	408170	401308	406548	404054	409414	405633	405653	406723	408946	407629	405215	406033	401673	407135	405099	404194	404557	406013	407578	407507	405805	406955	407611	407636	409451	401847	408030	408801	405074	406973	410080	407043	404945	406287	407825	409517	408826	404724	407874	407642	404922
35	407777	405686	408100	407392	408931	407638	407846	407966	409094	405599	407389	408032	408515	408029	408991	403035	406957	406346	405521	407494	405228	406348	407390	406451	408287	405811	406823	407172	406950	407732	408652	407722	406455	407908	408877	404144	408303	407383	405108	406271	408917	408760	406613	406037	408146	409431	408863	408350	407169	404716	406968	407028	406528	406540	407401	408057	403803	407118	407171	408430	402503	407262	404806	409716	405694	406135	407368	409592	407729	405937	406251	402153	407196	406919	405338	405718	407240	407954	408220	408016	407566	408400	407927	409717	403828	408361	409143	405401	407277	410414	407306	405136	406457	408012	409763	409101	406668	408081	407778	405093
36	408372	406720	408459	407920	410232	407747	408590	408089	409765	406159	408115	408208	408713	408837	409660	403392	407427	406695	405716	408022	406362	406576	407888	406795	408591	406062	407172	408383	407710	407779	409188	408601	407021	408482	409050	404873	408678	407923	405317	406677	409870	409255	406737	407064	408909	409985	409111	408762	407889	404843	407453	407243	406687	406652	408508	408222	404750	407209	407414	409015	402577	407476	407482	410321	405944	406726	407473	410048	407991	406097	406513	402565	407342	407538	405434	405801	408082	408326	408865	408780	407920	408611	408596	410302	404707	408622	409691	405448	408025	410669	408027	405711	406820	408698	410412	409231	407839	408278	408725	405602
37	408867	407378	408721	408563	410762	408839	408779	408951	410518	406260	408337	408710	409806	409496	409876	405291	407877	406704	405898	408394	406829	407041	408074	407228	409165	406205	407765	408758	409055	408666	409428	409637	407798	408543	409389	405086	409097	408346	405947	406968	410068	409929	407640	407958	409462	410255	409683	408857	408791	405012	407815	407956	406805	407196	408775	408291	405189	407831	407437	409271	402738	407677	407611	411162	406788	407354	408458	410184	408343	407671	407766	403513	407651	408474	405893	406394	408183	409061	409074	409216	408734	409258	409395	410492	405109	408733	409863	406009	408312	411082	408186	406903	407913	409058	410495	409619	408072	409712	409320	405802
38	409096	407542	409156	408786	410931	409347	410101	409488	411044	406679	408998	409611	409958	410485	410303	405479	407975	407054	406111	409145	407212	407180	408454	407990	409415	406633	408046	409156	409663	409700	409965	410205	407904	409418	409566	405180	409727	408434	406090	407052	410176	410218	408403	408254	409804	410804	409733	409606	408978	405516	408135	408154	407068	407298	408922	408601	405620	408063	408268	409764	403101	407902	408221	411316	407714	407588	408768	410288	409079	408647	407995	403680	408289	409609	406937	406562	408868	409259	409370	409289	408814	409533	409600	410517	405997	409882	410550	406727	408425	411255	408961	407024	408352	409642	410653	409772	408846	409932	409397	405846
39	409263	408767	409346	409407	411267	409489	410617	409836	411248	406825	409070	409733	410624	410612	410415	405796	408831	407206	406846	409213	407845	407607	409063	408249	409942	406763	408305	409430	409944	409808	410084	411029	408220	409585	410271	405303	409849	409108	406365	407358	410763	410729	408477	408965	409882	411025	410377	409979	409051	405619	408180	408440	407690	407397	409563	409610	406432	408648	408673	410056	405267	408688	409375	411526	408224	408309	409311	410491	409319	410406	408455	405542	408916	410012	407814	406925	408963	409734	409736	409427	409277	409927	410039	410569	406078	410030	410625	407099	408526	411431	409583	407587	409386	410119	410758	409912	409648	411035	409638	406840
40	409597	408869	409743	410471	411641	409596	410865	409907	411433	407016	409672	410257	410765	410658	410694	406174	409003	407356	407448	410009	408214	408060	409153	409121	409986	407116	408333	410031	410547	410121	410615	411611	408343	409668	410357	405783	409973	410085	406680	407766	411078	411286	409203	409439	410772	411611	410618	410467	409938	405985	408268	410298	408345	407557	410240	409897	406949	409381	408753	410202	405922	408958	409532	412061	408759	408428	409547	410844	409373	410736	408524	406959	409687	410225	408414	407154	409106	409848	410161	409474	409556	410667	410160	411143	406868	410178	410726	407321	408718	411494	409843	407691	410149	410205	410913	410451	410013	411084	410481	407526
41	409614	408917	409883	410847	412119	410240	411777	410436	411835	407211	409815	410574	410860	410808	410783	406390	409403	407826	408516	410074	408443	408165	409551	409258	410474	407183	408846	410115	410641	410207	411341	411793	408422	410435	411490	406349	410462	410418	408201	408222	411271	411518	409303	410778	411015	411725	411230	410680	410426	407070	408465	410366	409032	408170	411003	410505	407436	409475	409442	410262	406578	409586	409560	412146	408854	409787	409655	411219	409470	411276	408884	407179	409729	410797	408459	407341	409806	409920	410373	410256	410282	411059	410219	411562	408170	410811	411347	407735	409764	411618	410712	407801	411107	411025	411423	410649	410354	411435	410561	407813
42	410398	409497	410109	410940	412642	410422	411899	411574	411946	407283	409886	410914	411112	410892	411170	406518	409898	408057	409182	410429	408494	408833	409902	409504	410785	407615	409882	410187	410709	410403	411419	412327	408883	410635	411661	406757	410622	410514	408328	408493	411322	411623	409564	410976	411563	411807	411612	411305	410891	407850	409055	410642	409256	409430	411318	410684	408135	410108	409810	410598	407087	410227	409628	412197	409597	411662	409996	411987	409773	411522	408974	407334	410226	410962	408932	407449	410085	410053	411865	410442	410767	411455	410872	411826	408249	411412	411391	408782	409978	411801	410911	407870	411149	411083	411637	411487	410908	411445	410802	408116
43	410741	409939	410450	411185	413722	410841	412335	411735	412008	407430	409941	411126	411646	411187	412060	408481	410124	408830	409748	410470	408941	409886	410430	409899	411273	408028	411121	410326	410865	410506	411950	412411	409238	411050	411744	407159	410730	411062	408470	410897	411656	412031	410171	411739	411845	412429	411711	411538	411296	408782	409573	410747	410186	409992	411344	411086	408163	410123	409833	410721	407825	411010	409698	412392	409686	412135	410980	412545	409892	411936	409347	408467	410326	411443	409055	408123	410562	410450	411929	410596	411923	412115	410970	412652	408424	412125	411795	409287	410508	412251	411059	408215	411395	412108	412330	411500	411174	412008	410966	408762
44	411888	411102	410628	411300	414027	411329	413000	412064	412339	408475	410071	411925	412097	411439	412205	408591	410225	409993	409897	410866	409693	410139	410833	410062	411894	408126	412218	411632	410932	411067	412867	412672	409397	411324	412189	407610	410776	411580	408565	410941	411714	412216	410467	412175	411959	412897	411913	412272	411428	409361	409638	411787	410779	410066	411503	411865	408684	410422	410198	411254	408115	411444	410356	412920	410413	412363	411079	412731	410022	412314	410347	408536	411638	411601	409913	408225	411191	410622	412289	411716	411994	412282	411110	412808	409381	412445	411863	409504	411089	412976	411308	408287	412360	412213	412407	412071	411628	412151	412031	409473
45	412327	411639	410735	411610	414220	411466	413350	412699	412879	408744	410369	412408	412452	411986	412488	409038	410494	410125	410600	411224	410549	410202	410846	410264	412221	408375	412321	411674	411417	411214	413157	413750	409480	412378	412747	408059	410963	411697	409083	411121	411794	412250	410661	412346	412526	413296	412139	412423	411883	409608	409937	411828	411074	410595	411953	412293	408755	410962	410464	412184	409580	411815	411062	413493	410684	412463	411358	413078	410313	412755	410804	408614	411959	411755	410431	408933	411925	411000	412898	411905	412114	412551	411604	412902	409443	412473	412102	410013	411508	413131	411848	408714	412547	412300	412564	412211	411738	412350	412120	410408
46	412411	411718	410809	412118	414783	412051	413392	412925	412978	409036	410865	412826	412755	412194	412833	409797	410656	410269	410637	411298	411080	410566	410911	410568	412305	409005	412677	411793	411551	411490	413275	413951	409603	412545	412895	408688	411259	411847	410551	411350	412059	412324	411243	412378	412634	413365	412763	412527	412044	409761	410063	412323	411657	410669	412224	412374	408911	411298	410504	412413	409963	412015	411208	413825	410933	412586	411459	413192	410631	413107	410832	409083	412091	411875	410537	410913	412448	411064	413168	412069	412219	412836	412147	412997	409781	412592	412817	410258	411629	413291	411939	408804	412928	413271	412909	412274	411948	412478	412250	411058
47	412610	411919	411086	412293	414942	412202	413510	413358	413376	409391	411040	413332	412901	412285	413156	410394	410822	411185	411052	411432	411752	411033	411091	411317	412617	409509	413412	412073	411879	411951	413681	413989	409741	413661	412968	409040	411338	412705	410604	411909	412344	412478	411696	412914	412770	413455	412886	412954	412103	410136	410130	412861	413658	410889	412645	412517	409414	411431	410621	412479	410118	412119	411431	413892	411090	413014	411586	413223	411761	413719	411682	410290	412426	412757	410641	411293	412571	411692	413689	413011	412588	412997	412489	413435	410080	412795	413166	410753	411797	413332	412278	409073	413098	413387	413987	412473	412022	413171	412544	411132
48	413310	411987	411439	412430	415326	412835	413692	413801	413387	409973	411402	413382	413389	412705	413832	410807	411110	411480	411425	411943	411951	411233	411188	411734	412833	409646	413516	412169	412439	412125	414375	414363	410582	414137	413505	409856	411538	413217	411464	412005	412423	412523	411911	413562	413372	413920	413392	413262	412197	411208	410508	413659	413729	412084	413316	412618	409965	411482	412823	412605	410390	412394	411959	414125	411230	413157	411878	413366	411855	414084	412026	410872	413123	413162	410742	411680	413264	412298	413775	413210	412955	413708	412727	413904	410272	412977	413250	411571	412288	413892	412429	409217	413224	413800	414118	413084	412297	413463	412871	411264
49	413395	412044	411914	412554	415374	412899	413855	414431	413422	410153	411523	413506	413474	412936	414035	411687	411414	411640	412175	412175	412102	411531	411244	411822	412954	409902	414406	412619	412488	412586	414837	414500	410823	414261	413918	410306	411765	413730	411471	412153	412674	413119	411974	413763	413519	414083	413960	413319	412327	411706	410844	414064	413851	412572	413401	412762	410437	411561	412963	412758	410619	412606	412486	414350	411896	413352	411956	414002	411905	414564	412110	411125	413234	413294	411740	412090	413741	412567	413864	413360	413064	414456	413062	414430	410685	413124	413621	411691	412717	414984	413031	410127	413478	413876	414163	413432	412365	413511	413413	411415
50	413909	412329	412011	412635	415475	412934	414285	414876	413751	410270	411812	413662	413554	413154	414181	412163	411640	412168	412380	412430	412175	411869	411330	412019	413028	410134	415105	412699	412568	412868	415026	414825	411084	414876	413998	410438	411929	413792	412464	412316	412870	413664	412120	414091	414052	414395	414473	413505	412658	412215	411503	414352	414003	412815	413694	413476	410511	411873	413160	412877	411254	412833	412641	414968	412353	413931	412296	414540	412482	414897	412553	411814	413555	413479	411918	412495	413823	412835	414660	413509	413194	414846	413133	414508	410872	413416	413751	411789	413971	415380	413485	410595	413515	414107	414290	413478	412710	414215	413443	411886
51	414413	412419	412429	413388	415734	413884	414388	415127	414378	410774	412264	413954	413729	413232	414354	412487	411724	412337	413319	412529	412245	411938	411789	412136	413219	410260	415329	413136	413248	414052	415144	414945	412008	415312	414709	410712	412135	414186	413081	412387	413362	413807	412242	414173	414560	414508	415000	413708	413448	412330	411701	414495	414182	412892	414021	414281	410859	412799	413315	412928	411739	413163	412656	415332	412897	413971	412500	414622	412808	414979	412606	411996	413700	413889	412471	412598	413889	412895	414815	413737	413368	415012	413611	414873	410912	413541	413827	412191	414334	415587	413743	411831	413633	414384	414622	413917	412773	414379	413539	412483
52	414833	412524	412877	413843	415799	414349	414488	415593	414773	411194	412505	414003	414482	413401	414503	412905	412150	412643	413588	412945	413182	412419	411862	412613	413303	410521	415826	413272	413622	414645	415213	415095	412420	415404	415146	411290	412731	414288	413139	412759	413439	413914	412540	415093	414890	414634	415110	413933	413512	412947	411887	414583	414476	413015	414150	414431	411336	413140	413657	413001	411919	414211	413074	415870	413401	414051	412814	415094	412947	415065	412858	412321	413886	414298	412510	412755	414107	413036	415157	413890	413546	415403	414069	415118	411395	413880	414278	412302	414425	416155	414214	412392	414238	414831	414940	414178	412879	414505	413591	412571
53	415087	412752	413809	413882	416213	414756	415140	415766	414841	411277	412990	414086	414588	413535	414539	413063	413237	412949	413913	413362	413521	413056	412597	413597	413760	410612	415930	413387	414024	415593	415512	415165	412540	415440	415630	411427	412925	414688	413567	412915	414199	414105	412713	415289	415116	414714	415648	414016	413652	413215	412141	414714	414948	413443	414866	414863	411916	413547	413833	413043	412320	414288	413519	416005	413500	414500	413013	415168	413675	415250	413290	412415	414678	414941	413416	413536	414195	413089	415328	414043	414129	416129	414622	415321	411587	414003	414368	412489	414647	416509	414280	412627	414888	415232	415150	414493	413161	414709	413662	412699
54	415188	413581	413971	414080	416298	415282	415590	415867	414906	411773	413178	414143	414795	413600	414631	414016	413783	412986	413918	413393	413568	413336	412737	413764	413824	410711	415973	413632	414141	415914	415815	415319	412735	415751	415684	411544	413524	414755	414491	414092	414281	415042	413090	415402	415240	414763	416048	414070	414101	413405	412354	414774	415063	413545	414921	415135	412281	413770	414029	414100	412401	414512	414018	416142	414588	414729	413046	415207	413709	415423	413718	412495	414740	415158	413688	414006	414464	413573	415379	414278	414330	416576	415342	416001	412209	414292	414450	413152	414787	416742	414625	412690	415024	415392	415225	414995	413227	415065	413668	413089
55	415433	413608	414201	414219	416465	415350	415722	416207	415167	411816	413702	414168	414916	414209	415102	414244	414222	413144	414103	414052	413900	413431	412895	414330	413957	410898	416261	413785	414875	416041	415906	415455	412872	415793	416151	411785	413575	414923	414882	414293	414464	415132	413140	415607	415693	414890	416543	414733	414278	413818	412662	414848	415141	413677	415061	415540	412330	413829	414441	414305	414061	414952	414524	416356	414618	414795	413189	415436	413846	415975	413786	412716	414857	415232	414194	414089	414825	413946	415562	414372	415138	416664	415491	416058	412440	414814	414560	413316	415266	416784	414771	413203	415475	415524	415527	415031	413594	415133	413980	413432
56	415681	413899	414490	414418	416908	415441	415984	416345	415433	411868	413909	414683	415368	414475	415147	414799	414542	413281	414411	414133	414019	413461	413423	414353	414238	410972	416357	413882	414990	416109	416014	415712	413263	416000	416213	412609	414164	415025	414944	414801	414884	415558	413705	415682	416104	414989	416619	414911	414379	415211	412990	414922	415902	413815	415320	415655	412389	414045	414594	414387	414085	415060	414709	416717	415074	414990	414462	415628	414146	416047	414070	412812	414999	415364	414774	414430	414958	414924	415711	414509	415555	417012	416557	416118	412636	415247	414901	413451	415471	417079	415158	413517	415917	415692	415971	415461	413755	415486	414123	414072
57	416128	413954	415243	415004	417079	415519	416000	416443	416323	412041	414132	414835	415483	414547	415514	414843	414624	413693	414495	414356	414105	414170	413701	414629	414293	411299	416471	414349	415267	416221	416086	416174	413348	416071	416390	412691	414236	415273	415070	414860	414985	415697	414206	415901	416239	415543	417031	415222	414457	415640	413059	415073	416038	414065	415376	416654	412459	414140	414652	414477	415074	415208	415135	416959	415241	415068	414933	415794	414386	416461	414114	413770	415283	415438	415293	414830	415590	414976	415942	414621	415620	417109	416674	416187	412966	415347	415118	414387	416201	417162	415234	413737	416290	415815	416067	416064	414802	415718	414563	414169
58	416184	414171	415270	415103	417307	415654	416148	416555	416519	412146	414660	415410	416159	414881	416256	414958	415045	413817	416239	414445	414438	414646	414203	414862	414619	411385	416726	414634	415475	416910	416176	416644	413433	416403	416455	413169	414345	415409	415238	415190	415455	416026	414412	416058	417406	415600	417395	415328	415475	415782	413307	415153	416131	414520	415598	416742	412636	414450	414807	414528	415632	415288	415254	417004	415315	415116	415587	415824	414716	416576	414264	414362	415921	415571	415412	415364	415724	415641	416083	415299	415841	417160	417008	416397	413235	415540	415555	414444	416249	417296	415425	413791	416791	415942	416154	416159	415310	415866	415505	414198
59	416393	414660	415508	415623	417337	416122	416249	416595	416854	412611	414821	415548	416279	415582	416307	415295	415116	414271	416387	414569	414596	414687	414280	415003	415143	411640	417341	414824	415586	416947	416278	416663	413463	416575	416513	413467	414800	415731	415496	415359	415945	416383	414463	416155	417450	415725	417536	415353	415992	416157	413894	415535	416184	414593	415925	417331	412875	415011	415227	415000	415817	415733	415734	417775	415718	415276	416078	416031	414799	416638	414470	414527	416375	416120	415657	415392	416014	415667	416596	415518	416544	417279	417058	416514	413832	415726	416037	415605	416351	417597	415853	413930	416888	416403	416621	416399	415346	416295	415696	414251
60	416514	415743	415571	415787	417728	416199	416542	416711	416930	413597	414942	415679	416327	416485	416383	415430	415446	414632	416630	414877	415304	415146	415301	415133	415799	412606	417423	414994	415980	417037	416462	417429	413543	417006	416726	413945	415077	416375	415630	415705	416042	416392	414992	416521	417584	415959	417591	415402	416246	416399	414063	415991	416709	414789	416666	417410	413242	415238	415705	415294	415942	416254	415848	417828	415978	415340	416506	416083	415118	417032	414509	414624	416826	416214	416022	415632	416082	415717	416665	415654	416590	417545	417154	416618	414411	415874	416146	415924	416649	417697	415923	414201	417123	416544	417049	416985	415725	416333	415801	414625
61	416858	415803	415828	415882	417826	416439	416873	416977	417263	413914	415017	415737	416738	416865	416705	415703	416119	415071	416746	415398	415561	415222	415737	415252	415923	413600	417598	415063	416164	417512	417167	417712	413933	417208	416922	414399	415560	416750	416024	415767	416538	416478	415325	416561	417697	415995	417677	415520	417197	416545	415033	416395	416962	415120	416995	417704	413249	415373	415810	415449	416010	416637	416012	417984	416672	415588	416573	416220	415204	417095	414596	414703	417167	416369	416432	416305	416224	415819	416777	415948	416839	417671	417312	416708	414932	415913	416551	416373	417096	418101	416364	414459	417454	416729	417433	417422	415817	416371	415929	415003
62	417182	416229	416483	416282	417865	417068	417348	417007	417900	415157	415420	415824	416919	417308	416815	416253	416282	415722	416969	415667	415644	415647	416161	415441	416457	414346	417644	415241	416364	417756	417341	417785	414098	417373	417145	414878	415818	417041	416547	415816	416544	416528	415796	416574	417728	416118	417962	415640	417397	416816	415169	416754	417102	415370	417174	417791	413406	415717	415987	415482	416139	416956	416216	418101	416766	415713	417019	416283	415271	417332	415046	415118	417252	416464	416907	416357	416589	415891	417191	416029	416942	417797	417392	417372	415066	416005	416893	416624	417780	418458	416438	414532	417656	417113	417723	417550	415897	416728	416335	415219
63	417855	416361	416560	416333	417913	417444	417465	417481	418016	415292	415793	416092	417018	417467	417118	416474	416352	415843	417280	415737	416202	417400	416269	415856	416518	414542	417925	415353	416470	418089	417651	417824	414532	417685	417191	415089	416250	417096	416846	416015	416908	416922	415878	416652	417782	416369	418141	415987	417478	417142	415609	416921	417270	415789	417217	417854	413497	415792	416100	415932	416255	417006	416353	418351	417022	416057	417535	416437	415337	417431	415254	415192	417318	417236	417187	416631	416738	416325	417252	416168	416990	417874	417469	417704	415137	416413	417051	417027	418057	418523	416660	414699	417975	417295	417807	417905	416019	417393	416588	415624
64	418417	416523	416614	416384	417947	417512	417843	417569	418173	415960	416014	416236	417686	417543	417203	416764	416606	416164	417303	415822	416270	417503	416302	416130	416587	414654	418093	416283	416553	418172	417780	417952	414917	417826	417884	415219	416657	417409	417113	416479	417296	417055	415991	416820	417902	416830	418238	416029	417914	417229	416874	416961	417448	415862	417610	417937	414081	416057	416508	416005	416614	417171	416505	418470	417072	416233	417617	416473	415372	417560	415461	415692	417394	417340	417408	416997	416820	416762	417480	416270	417144	417923	417582	418321	415717	416571	417123	417478	418365	418705	417258	415241	418107	417420	417856	418247	416205	417717	417013	415945
65	418484	416677	417536	416458	418008	417583	417887	417957	418307	416222	416111	416718	417742	417579	417342	417463	417148	416204	417747	416259	416306	417549	416362	416377	416735	414822	418142	416593	416856	418493	418019	418219	414989	417925	418077	415653	416716	417665	417355	416631	417450	417154	416404	417172	418018	417182	418435	416223	418030	417308	417287	417256	418277	416077	417977	418200	414434	416209	416955	416163	417040	417381	416732	418590	417334	416504	418009	416536	415494	417918	417148	416303	417656	417585	417585	417001	417143	416798	417599	416344	417213	418039	417675	418829	415810	416890	418083	418135	418775	418873	417617	415301	418171	417552	418245	418594	416234	417830	417134	416308
66	418576	416706	417593	416909	418547	418079	418831	418084	418474	416626	416241	416779	417885	417765	417398	417558	417275	416442	418154	416510	416439	417672	416413	416424	416816	415540	418581	416730	416916	418556	418281	418332	415111	417984	418181	415735	416833	417700	417603	416984	417516	417462	416657	417304	418169	417337	418486	416479	418070	417336	417329	417444	418527	416390	418096	418476	414571	416235	417072	416460	417272	417826	416866	419041	417670	416672	418161	416654	415923	417997	417319	416415	419463	418223	417938	417067	417233	417042	417619	416706	417838	418131	418058	418908	416218	416957	418413	418292	418913	419293	417656	415462	418210	417768	418326	418984	416617	417915	417171	416452
67	418727	416770	417667	417781	418623	418219	418872	418315	418480	416689	416254	416908	417937	418388	417489	417907	417536	417013	418332	416586	416550	417773	417737	416468	416877	416540	418639	417174	417105	418661	418496	418748	415167	418095	418293	416412	417245	417788	417964	417050	417727	417512	416737	417496	418444	417612	418562	416819	418392	417677	417510	417467	418618	416519	418384	418550	414918	416639	417407	416532	417619	418529	417309	419172	417741	416992	418209	416911	416054	418054	417379	417001	419694	418347	418061	417603	417448	417251	417680	416787	418102	418213	418146	418944	416257	417118	418786	418364	419010	419386	417709	416017	418410	418054	418443	419395	416732	418289	417835	416561
68	418833	416835	417910	417990	418758	418282	418928	418383	418582	416751	417201	417277	417972	418774	417814	418014	417560	417134	418549	416907	416662	418230	418022	416488	417052	416948	418992	417253	417540	418828	418588	418834	415222	418403	418555	416523	417682	418005	418110	417512	417748	417568	416765	417521	418564	417779	418713	416889	418481	417755	417644	417889	418638	416564	418462	418874	415795	417009	417827	416684	417646	418774	417494	419512	417807	417115	418341	417777	416118	418244	417790	417372	419841	418662	418247	417670	417902	417719	418300	416835	418164	418292	418241	419399	416577	417547	418826	418549	419058	419533	417865	416388	418622	418140	418501	419473	417015	418339	417963	416636
69	419171	417590	418116	418473	418861	418320	418993	418509	418620	417156	418141	417698	418032	419072	418312	418339	417614	417212	418875	417063	417112	418337	418181	416838	417392	417545	419193	417566	418216	419155	418939	418865	415478	418813	418609	416549	417728	418098	418185	417805	417796	417618	416827	417547	418659	418119	419205	416964	418609	418318	418556	418253	418734	417001	418844	418934	416276	417104	418241	417395	417727	418822	417543	419584	417965	417213	418546	417800	417393	418381	417820	417504	419890	418755	418282	417723	417945	417764	418601	417085	418244	418351	418599	419435	416665	417593	418937	418912	419244	419598	417923	416614	418700	418548	418551	419562	417101	418560	418271	416692
70	419401	417763	418546	418642	419016	418439	419022	418652	418722	417747	418566	417782	418146	419177	418645	418425	417700	417296	418962	417479	417204	418382	418250	417390	417680	417608	419386	417834	418333	419191	419042	419322	415946	418857	418961	416638	417988	418211	418376	418121	417850	417642	417282	417603	418848	418224	419463	416969	418711	418676	418954	418566	419107	417033	418921	418982	417505	417208	418325	417734	417889	418945	417597	419602	418143	417433	418590	418183	417712	418512	417871	417798	419967	418890	418310	417840	418026	418085	418729	417156	418592	418608	418706	419540	416712	417949	419294	419061	419468	419675	418005	417470	419068	418961	418592	419669	417252	418684	418424	416741
71	419608	417868	418607	418723	419054	418590	419238	418707	418984	418068	418622	418190	418353	419251	418985	418461	417847	417885	419134	417538	417233	418490	418445	417449	418040	417638	419469	418250	418391	419355	419091	419385	416099	419241	419338	417188	418398	418333	418577	418219	417936	417817	417655	417728	418936	418408	419613	417120	419111	418762	419027	419222	419161	417337	418971	419125	417840	417297	418625	417837	418305	419345	417657	419666	418231	417767	418741	418369	417765	418549	417986	417981	420150	418959	418440	417959	418373	418938	418852	417280	418930	418631	418781	419858	416793	418026	419357	419204	419560	420003	418096	417527	419471	419145	418677	419748	417353	418746	418801	417003
72	420104	417947	418749	418778	419237	419239	419279	419024	419319	418128	419126	418267	418396	419339	419137	418849	418162	417973	419209	417876	417367	418821	418510	417729	418151	417814	419635	418886	418784	419392	419169	419437	416620	419389	419491	417393	418530	418536	418958	418304	417968	417866	417704	417802	419097	418413	419759	417206	419332	418932	419087	419245	419276	418189	419143	419211	417943	417400	418671	418225	418704	419434	418146	419710	418583	417923	418984	418558	418183	418924	418421	418665	420282	419606	418517	418185	418684	419337	419029	417367	419230	418713	419035	419870	417178	418380	419483	419336	419587	420013	418721	417871	419810	419308	418737	419838	417393	418832	418851	417058
73	420149	417982	418951	418832	419299	419431	419414	419654	419477	418268	419179	418703	418508	419397	419395	418912	418183	418124	419400	418820	417439	419267	418659	417781	418401	417957	420069	418985	418835	419509	419241	419549	416909	419571	419988	417429	418932	418694	419017	418352	418241	418001	417821	417837	419426	418833	420109	417326	419725	419598	419159	419249	419329	418320	419407	419301	418295	417449	418853	418557	418778	419439	418462	419849	418946	418085	419060	418911	418563	419411	418539	418709	420333	419624	418556	418428	418907	419438	419125	417551	419268	419023	419089	419978	417421	418426	419843	419503	419622	420199	418807	417949	419887	419362	419286	420073	417445	418888	418904	417518
74	420251	418090	418976	419053	419350	419721	419471	420102	419531	418414	419216	418734	419262	419743	419850	419078	418404	419007	419584	419361	417760	419314	418870	417890	418451	418010	420141	419031	418910	419741	419376	419982	417008	419727	420040	417459	418990	418789	419125	418730	418294	418084	418057	417908	419509	418919	420418	417513	420229	419714	419219	419314	420022	418777	419601	419438	418450	417589	418915	418952	419086	419624	418608	420173	419221	418340	419317	419039	418640	420039	418641	419153	420531	420201	418969	418542	419255	419546	419196	418107	419401	419076	419786	420081	417675	418598	419952	419788	419647	420253	418873	417996	419939	419480	419825	420259	417514	418982	419010	417811
75	420293	418171	419247	419118	419629	419785	419539	420237	419584	418680	419274	419111	419273	419955	420195	419154	418817	419160	419624	419428	418164	419445	418897	418009	418501	418218	420201	419518	419070	420070	419793	420071	417044	420087	420121	417614	419434	419040	419544	418851	418509	418243	418219	418211	420066	419147	420513	417586	420266	420131	419310	419371	420062	419444	419639	419482	418969	417627	419061	419354	419162	419757	418730	420439	419326	418695	419511	419103	418657	420137	418725	419312	420858	420447	419074	418784	419594	419581	419858	418809	419546	419215	419947	420142	417746	418651	420061	419847	419725	420355	418937	418388	420226	419833	419871	420587	418162	419016	419150	418230
76	420379	418498	419410	419235	419821	420045	419785	420336	419651	419071	419300	419219	419343	420001	420364	419410	418981	419572	419644	419478	418584	419490	419056	418405	418574	418260	420242	419544	419231	420139	419836	420210	417515	420253	420313	417687	420253	419571	419627	419372	418591	418323	418384	418827	420277	419197	420574	417765	420311	420448	419382	419446	420114	419768	419692	419646	419010	418074	419135	419812	419264	419864	419091	420510	419400	419044	419584	419211	418738	420257	419164	419373	420938	420565	419124	418834	419945	419674	420046	418949	419669	419602	419974	420219	417873	418869	420428	419922	419839	420634	419017	418492	420354	419986	420211	420644	418201	419334	419222	418257
77	420452	418662	419773	419911	420094	420139	420429	420640	419688	419193	419501	419336	419477	420170	420418	419465	419092	419823	420117	419808	418953	419908	419399	418449	419219	418615	420546	419699	419391	420216	420257	420429	417935	420333	420386	417903	420257	419601	419735	419383	419229	418480	418471	418887	420404	420017	420894	417853	420442	420512	419428	419541	420234	419843	419719	419690	419200	418339	419515	420281	419351	419911	419304	420572	419565	419146	419662	419648	418914	420546	419244	419696	421222	420770	419449	418934	420116	420282	420220	419151	419803	419809	420057	420632	418085	418987	420626	419950	420331	420946	419448	419092	420389	420040	420363	420948	418317	419396	419690	418682
78	420768	418703	419899	419948	420404	420768	420796	420712	419816	419371	419524	419534	419543	420464	420465	420009	419445	419964	420278	420074	419119	420194	419702	418606	419456	418974	420683	420344	419435	420528	420657	420477	417963	420412	420518	417989	420598	419726	420108	419484	419528	418525	418772	419285	420555	420132	420939	417905	420784	420577	419465	419636	420240	419872	419853	419724	419313	418872	420143	420413	419396	420303	419366	420652	419783	419205	420041	419736	419056	420587	419311	419854	421538	420823	420044	418956	420223	420639	420509	419200	420211	420249	420085	420803	418137	419165	420707	419996	420393	421122	419648	419173	420490	420429	420527	420985	418559	419728	419751	419110
79	420829	419038	419949	420528	420886	420964	421252	420749	419913	419442	419920	419754	419624	420929	420533	420124	419840	420113	420315	420125	419145	420233	420386	418875	419587	419387	420799	420418	419696	420554	420771	420548	418028	420602	420554	418133	420742	419774	420161	419612	420317	418561	420650	419441	420583	420189	421080	418375	421020	420613	419532	419682	420591	420105	419937	419782	419533	418995	420308	420732	419821	420604	419445	420993	419789	419750	420060	420127	419348	420624	419895	419966	421616	420878	420113	418991	420621	420786	420752	419601	420280	420431	420732	421036	418174	419554	420785	420104	420465	421531	419693	419548	420512	420455	420557	421014	418692	420067	420162	419218
80	421021	419187	420026	420660	420936	421127	421367	420849	420114	419492	420006	420070	419955	421103	420594	420367	419903	420691	420674	420184	419444	420238	420469	418916	419709	419416	420889	420543	419770	420980	421488	420872	418152	420606	420603	419005	420884	420032	420186	419711	420406	418587	420730	419594	420628	420492	421124	418402	421586	421033	419648	419837	420661	420213	420490	420145	419604	420127	420903	420884	419870	420745	419501	421155	420451	419762	420155	420252	419593	420705	420180	420090	421697	421248	420531	419109	420662	420821	420955	420215	420599	420453	420839	421119	418221	419751	420797	420374	420487	421592	420143	419671	420955	420505	420726	421162	419029	420264	420204	419262
81	421067	419247	420074	420731	420959	421376	421718	421174	420178	419552	420049	420490	420580	421158	420703	420437	419986	421128	420716	420818	419547	420316	420513	419338	419785	419463	421106	420647	419844	421138	421550	421031	418317	421260	420651	420667	420970	420254	420276	419760	420474	418658	420889	419669	420870	420527	421166	418701	421890	421081	419775	419950	421013	420227	420901	420207	419904	420209	421319	420952	420241	421076	419574	421295	420503	420035	420230	420327	420004	420761	420367	420135	421751	421424	420556	419397	420801	420884	421223	420544	421209	420542	421137	421173	418584	419850	420873	420573	420691	422030	420558	419777	420972	420548	420763	421385	419500	420301	420246	419419
82	421197	419327	420171	420769	421170	421548	422024	421316	420254	419577	420171	420673	420902	421291	421557	420476	420079	421475	420763	420843	419721	420336	420628	419410	419873	419498	421132	420749	420223	421202	421657	421446	418706	421556	420763	420816	421015	420318	420329	419957	421058	418754	420991	419974	420924	420569	421668	418747	422206	421167	419992	420858	421162	420869	420976	420513	420080	420244	421626	421064	420311	421183	419786	421475	420567	420359	420884	420378	420183	420796	420531	420181	421796	421472	420860	419550	420832	421037	421289	420602	421265	420637	421174	421407	418627	419857	420932	420584	421096	422218	421170	419861	421122	420838	420847	421491	419546	420405	420283	419478
83	421292	419771	420572	420846	421240	421888	422090	421354	420353	419893	420281	421239	420975	421642	421664	420612	420673	421692	420853	420980	419840	420685	420736	419503	420070	419534	421155	420863	420331	421270	421786	421494	418973	421958	421383	420845	421037	420365	420407	420449	421303	418842	421064	420060	421006	420766	421673	419145	422280	421576	420043	420912	421527	421136	421118	420541	420332	420341	421702	421563	420402	421295	420432	421624	420717	420447	421035	420568	420227	420852	420631	420252	421913	421545	420906	419876	420861	421427	421319	420841	421341	420682	421244	421439	418751	420209	421286	420794	421382	422268	421205	419883	421194	420877	421094	421728	419944	420615	420392	419541
84	421615	419873	421243	420915	421348	421932	422173	421478	420643	419941	420779	421354	421092	421762	421974	420618	420698	421901	420897	421088	420107	421092	420817	419737	420075	419625	421473	420896	420396	421447	421890	421578	419097	422023	421445	420921	421097	420537	420443	420497	421340	418916	421134	420095	421108	421200	421858	419765	422434	421582	420099	421077	421567	421240	421391	420658	420632	420737	421738	421604	420933	421470	420476	421846	421042	420487	421198	420640	420652	420907	421042	420424	422030	421646	421035	420343	421188	421642	421422	421199	421684	421232	421319	421624	418825	420612	421699	421077	421437	422347	421354	420307	421323	421207	421233	421791	419986	420658	420825	419617
85	421867	419919	421336	420940	421586	422012	422300	421496	420941	420360	421367	421403	421317	421807	422468	421426	420914	421954	421300	421187	420520	421146	421178	420097	420159	420256	421724	421072	420987	421605	421899	421763	419478	422322	421797	421238	421178	421153	420616	420834	421375	419433	421138	420265	421143	421281	421904	420037	422481	421638	420131	421116	421892	421397	421524	421056	420705	420771	421786	421853	421038	421714	420552	422183	421558	420559	421532	420934	420867	421227	421421	420516	422164	421748	421085	420941	421399	421730	421588	421343	421731	421316	421366	421667	419036	420873	421988	421150	421632	422512	421397	420484	421441	421413	421279	421847	420178	420832	421009	419860
86	422129	420174	421434	421016	421626	422056	422366	421722	421042	420718	421462	421541	421459	421856	422523	421810	420960	421990	421375	421285	420583	421266	421731	420402	420215	420602	421885	421607	421331	421670	421954	422010	419653	422365	421902	421847	421285	421448	420646	420986	421512	419560	421197	420463	421222	421457	422039	420584	422553	421654	420342	421217	422071	421454	421858	421146	420748	421177	421826	422213	421134	421758	420994	422255	421618	420613	421568	421033	420909	421251	421564	420567	422200	421993	421141	420966	421530	421804	421916	421547	422070	421395	421786	421965	419492	421485	422033	421237	421674	422598	421479	420592	421991	421737	421387	421995	420503	421023	421121	419890
87	422172	420559	421598	421325	421810	422126	422601	421749	421500	420788	421874	421932	421582	422016	422598	421919	421289	422052	421424	421341	421114	421344	421792	420522	420462	420627	421957	421660	421417	421718	421991	422075	419804	422401	422097	422014	421433	421517	420710	421099	421537	419715	421274	420755	421437	421814	422086	420688	422646	421728	420426	421293	422118	421614	422646	421444	420789	421261	421938	422248	421182	421804	421397	422384	421802	420675	421748	421108	421502	421532	421618	421386	422359	422055	421468	420999	421932	421974	422017	421694	422076	421599	421843	422303	419657	421602	422268	421546	422315	422673	421778	421237	422050	422087	421699	422446	420752	421829	421193	420485
88	422305	421091	421826	421365	421885	422710	422621	422004	421541	421029	421935	422336	422128	422198	422711	421963	421774	422144	421500	421924	421204	421673	421853	421094	420582	421507	422051	421784	421545	422128	422035	422180	420607	422696	422157	422268	421636	421663	421090	421169	421936	419786	421294	421080	421483	421918	422166	420807	422709	421933	420829	421561	422296	421650	422651	421518	420930	421283	422127	422377	421252	422107	421893	422514	421867	421087	421909	421277	421573	421857	422024	421694	422413	422117	421583	421875	422516	422290	422080	421814	422101	421957	422007	422346	419959	421641	422339	421582	422439	422792	421813	421339	422206	422494	421772	422693	421023	421878	421545	420521
89	422351	421441	421985	421535	421958	422789	422810	422050	421767	421436	422034	422373	422170	422454	422796	422031	421915	422178	421576	421980	421500	421839	422062	421336	420698	421890	422106	421807	421585	422148	422134	422525	420868	422986	422277	422332	421707	422019	421414	421305	422046	421458	421397	421291	421777	422148	422202	420839	423032	422285	421319	421691	422580	422060	422974	421845	420948	421872	422200	422432	421810	422166	422182	422615	422166	421154	422068	421321	421652	421938	422336	421816	422815	422155	421957	422019	422557	422417	422115	421852	422424	422073	422063	422488	420034	422191	422386	421643	422651	422903	422120	421572	422275	422649	422171	422746	421612	422051	421896	421393
90	422423	421759	421993	421879	422087	422866	422860	422170	421931	421641	422083	422500	422329	422759	422921	422083	422199	422315	421595	422593	421578	421887	422219	421348	421261	422062	422154	421862	421734	422304	422219	422590	420932	423114	422336	422437	422012	422401	421549	421591	422192	421856	421942	421693	422089	422264	422260	420978	423165	422413	421464	421742	422641	422175	423043	421976	420974	421916	422548	422974	421868	422262	422263	422657	422235	421198	422104	421376	421690	422334	422383	422004	422850	422301	422169	422325	422613	422486	422261	421873	422608	422224	422117	422508	420158	422230	422683	421789	422675	422943	422124	421701	422301	422711	422269	423042	421835	422112	422214	421437
91	422479	422324	422025	422448	422286	422899	423339	422212	421975	421666	422431	422677	422350	422782	423067	422152	422255	422358	421994	422650	421897	422027	422344	421655	421302	422332	422392	422099	421903	422352	422277	422712	421562	423207	422517	422636	422088	422492	422093	421632	422355	422006	422069	421704	422729	422579	422298	421274	423421	422510	421773	421783	422930	422249	423142	422080	421106	422011	422609	423029	422075	422306	422300	422731	422362	421306	422226	421447	421739	422471	422433	422077	422870	423113	422289	422466	422784	422594	422564	422260	422836	422229	422175	422626	420557	422383	422830	422093	422709	422966	422160	421747	422358	422775	422656	423249	421998	422507	422295	421565
92	422561	422620	422375	422696	422393	422903	423355	422250	422075	421752	422619	422714	422453	422860	423375	422171	422584	422703	422132	422851	422031	422071	422639	421755	421880	422444	422526	422150	422200	422424	422654	422794	421752	423411	422540	422707	422328	422628	422141	421739	422711	422112	422273	421819	422812	422601	422434	421517	423454	422529	421777	421854	423254	422583	423216	422115	421462	422065	422686	423144	422248	422809	422337	423080	422401	421858	423005	421479	422042	422546	422748	422237	422974	423267	422393	422506	422838	422944	422636	422363	422952	422262	422426	422782	421643	422696	422956	422384	422815	422988	422179	421891	422686	422810	422698	423458	422093	422831	422587	421632
93	422662	422854	422419	422886	422437	422935	423402	422603	422124	422205	422743	423033	422774	422966	423435	422264	422626	422743	422534	423120	422675	422092	422675	421809	421950	422668	422899	422505	422326	422651	422724	422827	421855	423434	422573	422775	422336	422945	422322	422096	422772	422206	422329	422064	423103	422705	422494	421915	423578	422812	421876	422387	423366	422627	423299	422161	421799	422274	422721	423212	422543	422965	422386	423117	422527	421998	423102	421667	422080	422623	422819	422382	423020	423590	422500	422974	422973	423014	423212	422687	423105	422441	422783	422894	421674	422753	423018	422697	422884	423465	422322	422346	422867	423098	423271	423492	422175	422874	422945	422272
94	422932	422903	422473	423009	423076	423113	423443	422999	422521	422303	423053	423131	422954	423143	423563	422558	422746	422830	422569	423435	423050	422443	422861	421859	422096	422710	422953	422564	422562	422988	422972	422967	422184	423586	423055	422779	422620	423056	422818	422223	422952	422500	422725	422475	423157	422770	422645	422078	423609	422883	422151	422468	423434	422869	423342	422201	421841	422533	423034	423281	422578	422985	422517	423166	422866	422324	423498	421919	422430	422656	422890	422741	423151	423664	422831	423020	422989	423312	423268	422936	423415	422475	423108	422997	421764	423064	423106	423121	423210	423502	422559	422428	422952	423169	423306	423732	422245	423276	423146	422307
95	423033	422995	422797	423063	423529	423157	423511	423180	423061	422539	423111	423165	423222	423564	423645	422633	423103	422872	422907	423506	423403	422482	422956	421935	422405	423121	423024	422633	423129	423041	423010	423039	422469	423640	423301	422821	422656	423319	422916	422405	422996	422803	422834	423116	423511	422915	422943	422239	423632	422916	422498	422921	423538	423183	423677	422487	422480	422668	423405	423313	422983	423022	422539	423194	423003	422392	423546	422116	422577	423306	422988	422868	423188	423759	422901	423143	423060	423353	423317	422975	423495	422531	423266	423144	422116	423105	423252	423190	423375	423609	422775	422688	422998	423419	423513	423750	422418	423294	423179	422628
96	423197	423063	423011	423170	423812	423229	423609	423205	423177	422608	423192	423210	423269	423809	423760	422690	423281	422954	423026	423564	423563	422938	423126	422335	422818	423149	423042	423401	423198	423077	423183	423323	422619	423684	423597	422864	422780	423393	423045	422802	423091	423008	422888	423197	423535	423061	423489	422526	423732	422952	423056	423074	423586	423254	423713	422653	423046	422848	423459	423394	423022	423066	422644	423283	423098	422413	423856	422466	422654	423540	423093	422909	423231	423783	423677	423307	423467	423433	423354	423291	423569	423313	423415	423188	422756	423392	423416	423828	423461	423630	422903	422997	423033	423574	423610	423899	422915	423328	423202	422697
97	423514	423440	423118	423622	423855	423599	423632	423255	423355	422956	423360	423284	423554	423907	423780	422723	423379	423352	423061	423624	423569	423100	423243	422879	422836	423328	423216	423417	423282	423409	423231	423442	423178	423928	423723	422986	423067	423725	423119	423120	423402	423134	422934	423333	423574	423371	423800	422835	423772	422989	423694	423238	423636	423374	423761	422936	423111	423491	423694	423500	423326	423396	422926	423355	423332	423196	423884	422947	423297	423773	423420	423105	423267	423903	423730	423389	423529	423581	423682	423477	423802	423580	423549	423584	423053	423463	423478	423872	423507	423674	423005	423033	423614	423622	423678	423945	423051	423474	423508	422784
98	423573	423459	423450	423831	423927	423622	423739	423733	423375	423102	423364	423451	423570	423986	423826	422809	423672	423448	423201	423709	423653	423294	423566	423206	423163	423573	423599	423665	423920	423465	423461	423838	423445	423966	423957	423044	423364	423781	423185	423661	423472	423244	423397	423600	423610	423452	423942	423602	423846	423278	423763	423587	423673	423431	423783	423259	423320	423524	423738	423828	423540	423477	422968	423412	423426	423233	423917	423314	423376	423807	423593	423226	423673	423942	423818	423411	423533	423616	423750	423632	423847	423681	423674	423703	423057	423480	423532	423895	423540	423731	423036	423243	423991	423660	423770	423984	423463	423533	423635	422941
99	424036	423756	423763	423902	423996	423946	424018	423997	423773	423493	423645	423744	423618	424092	423831	422853	423782	423517	423514	424007	423697	423363	423638	423260	423619	423631	423878	423812	423999	423582	423531	424052	423591	424037	424103	423139	423443	423945	423309	423974	423795	423808	423710	423646	423757	423992	424058	423707	424020	423607	423786	423780	423958	423828	423816	423466	423419	423697	423784	423868	423671	423929	423243	423709	423561	423501	423959	423351	423410	423943	423905	423611	423788	423946	424063	423451	423986	423659	423773	423859	423990	423965	423730	423849	423127	423502	423551	423964	424005	424066	423078	423579	424070	423970	423839	424053	423915	423766	423958	423707
100	424068	423823	423851	423937	424100	424092	424037	424028	423839	424058	423782	423800	424082	424134	423864	423185	423928	423702	423823	424039	423906	423608	423914	424029	423675	423939	424156	423850	424062	423865	423569	424094	423697	424132	424140	423192	423497	424004	423620	424055	423875	424042	424019	423738	423903	424126	424106	423775	424076	423904	424069	423835	423998	423898	424126	423743	423489	423744	424029	423887	423994	424102	423787	423815	423734	424056	423998	423639	423971	424013	424139	423920	423868	423984	424103	423762	424096	423695	424007	423882	424078	423998	423922	423865	423209	423522	423729	424083	424151	424103	423170	424139	424136	424026	423892	424122	424063	423800	423991	423774
101	424094	423942	423895	424182	424148	424192	424147	424159	423921	424172	423895	424045	424148	424170	424174	423580	424195	424165	424120	424192	423942	424004	423984	424182	424072	424087	424214	424108	424108	423921	423849	424175	423766	424170	424199	423454	424055	424040	424072	424186	424185	424112	424072	423884	423935	424162	424148	423812	424112	424138	424108	424162	424144	424175	424172	423812	423884	423868	424202	423909	424172	424170	424182	423887	424186	424126	424004	424045	424094	424055	424176	423942	424165	424150	424185	423821	424178	424148	424099	423935	424084	424212	423960	424084	423454	423849	423766	424150	424187	424185	423454	424195	424195	424150	423951	424159	424156	423868	424084	423822
102	424218	424218	424218	424218	424218	424218	424218	424218	424218	424218	424218	424218	424218	424218	424218	424218	424218	424218	424218	424218	424218	424218	424218	424218	424218	424218	424218	424218	424218	424218	424218	424218	424218	424218	424218	424218	424218	424218	424218	424218	424218	424218	424218	424218	424218	424218	424218	424218	424218	424218	424218	424218	424218	424218	424218	424218	424218	424218	424218	424218	424218	424218	424218	424218	424218	424218	424218	424218	424218	424218	424218	424218	424218	424218	424218	424218	424218	424218	424218	424218	424218	424218	424218	424218	424218	424218	424218	424218	424218	424218	424218	424218	424218	424218	424218	424218	424218	424218	424218	424218
